中文名,英文名,标准学名,科,属,资源状态,价值等级,价值外显命名,鱼单价/kg,期望单鱼价格,最大记录重量(kg),期望重量(kg),重量段,最大记录体长(cm),常见体长(cm),重量参数a,重量参数b,栖息带类型,深度下限(m),深度上限(m),资料水温下限(°C),资料水温上限(°C),最喜欢的温度(°C),食性（源表候选）,时段偏好,天气偏好,候选水温带,地域分布,性格,现实单价参考(元/kg),俄4映射鱼种,俄4映射类型,环境类型,迁徙类型,摄食类型,营养级,资料库体型,资料库捕获方式,体长口径,AI审核状态,匹配依据,源记录ID,飞书来源,快照日期,源表版本,Notion资料页
鳡鱼,Yellowcheek,Elopichthys Bambusa,Xenocyprididae,Elopichthys,,2,常见,876.5,15757.16326,40,12,T9,200,100,0.0069,2.93,benthopelagic,,,10,20,15,,早晨活跃,晴间多云、微风；以天气稳定为先,温水,亚洲,活泼,30,廓里湖红点鲑,近似种类比,"[""淡水""]",potamodromous,,,elongated,,TL,待人工审核,新增鱼种整合：台钓xlsx美术清单第16行；台钓xlsx策划清单第75行；来源学名与FishBase属种精确匹配；规则FISH-INVENTORY-MERGE-R1,recvq6YNcI9sV4,https://pisn3u3ony2.feishu.cn/base/P9rTbUTARaE1GasZp3rctaoungb?table=tblBWCSfMnN13524&view=vewiU8a1wj&record=recvq6YNcI9sV4,2026-09-08,4987,https://app.notion.com/p/3d5a4137d236810395d6f3bcb304bd78
马口鱼,Chinese Hook Snout Carp,Opsariichthys Bidens,Xenocyprididae,Opsariichthys,,2,常见,968.5,151.0299759,0.261,0.1,T1,26.1,15,0.005,3.26,benthopelagic,,,10,20,15,,早晨活跃,晴间多云、微风；以天气稳定为先,温水,亚洲,躲藏,30,青蛙,近似种类比,"[""淡水""]",,,,fusiform / normal,,TL,待人工审核,新增鱼种整合：台钓xlsx美术清单第19行；台钓xlsx策划清单第8行；来源学名与FishBase属种精确匹配；规则FISH-INVENTORY-MERGE-R1,recvq6YNcI6Yy6,https://pisn3u3ony2.feishu.cn/base/P9rTbUTARaE1GasZp3rctaoungb?table=tblBWCSfMnN13524&view=vewiU8a1wj&record=recvq6YNcI6Yy6,2026-09-08,4987,https://app.notion.com/p/3d5a4137d236810a8ca0e1b5246fc1c2
黄金鲫,Golden Crucian,Carassius Auratus (hybrid),Cyprinidae,Carassius,,1,普通,511.9,565.1110883,2.5,0.5,T3,45,22,0.01049,3.14,,0,20,0,41,20.5,,早晨活跃,晴间多云、微风；以天气稳定为先,温水,亚洲,活泼,19.8,白刺盖太阳鱼,近似种类比,,,,,,,,待人工审核,新增鱼种整合：台钓xlsx美术清单第6行；台钓xlsx策划清单第23行；未取得FishBase唯一匹配，保留来源字段；规则FISH-INVENTORY-MERGE-R1,recvq6YNcIwOXg,https://pisn3u3ony2.feishu.cn/base/P9rTbUTARaE1GasZp3rctaoungb?table=tblBWCSfMnN13524&view=vewiU8a1wj&record=recvq6YNcIwOXg,2026-09-08,4987,https://app.notion.com/p/3d5a4137d236810b8c86cec873824267
鯮鱼,Long-jawed Baelama,Luciobrama Macrocephalus,Xenocyprididae,Luciobrama,,2,常见,876.5,15757.16326,40,7,T9,48,24,0.00617,3.08,benthopelagic,,,17,27,22,,早晨活跃,晴间多云、微风；以天气稳定为先,温水,亚洲,躲藏,30,廓里湖红点鲑,近似种类比,"[""淡水"",""半咸水""]",,,,elongated,,TL,待人工审核,新增鱼种整合：台钓xlsx策划清单第70行；来源学名与FishBase属种精确匹配；规则FISH-INVENTORY-MERGE-R1,recvq6YNcIYRCN,https://pisn3u3ony2.feishu.cn/base/P9rTbUTARaE1GasZp3rctaoungb?table=tblBWCSfMnN13524&view=vewiU8a1wj&record=recvq6YNcIYRCN,2026-09-08,4987,https://app.notion.com/p/3d5a4137d236811aac67fcb4c000ccc7
黄颡鱼,Yellow Catfish,Tachysurus Fulvidraco,Bagridae,Tachysurus,,2,常见,968.5,151.0299759,0.3,0.15,T1,34.5,8,0.0158,2.845,demersal,,,16,25,20.5,"[""肉食性""]",全天活跃,晴间多云、微风；以天气稳定为先,温水,亚洲,孤僻,30,青蛙,近似种类比,"[""淡水""]",non-migratory,hunting macrofauna (predator),3.5,elongated,,TL,待人工审核,新增鱼种整合：台钓xlsx美术清单第21行；台钓xlsx策划清单第10行；来源学名与FishBase属种精确匹配；规则FISH-INVENTORY-MERGE-R1,recvq6YNcI0jOn,https://pisn3u3ony2.feishu.cn/base/P9rTbUTARaE1GasZp3rctaoungb?table=tblBWCSfMnN13524&view=vewiU8a1wj&record=recvq6YNcI0jOn,2026-09-08,4987,https://app.notion.com/p/3d5a4137d2368136b4b4efb2d1597043
麦穗鱼,Stone Moroko,Pseudorasbora Parva,Gobionidae,Pseudorasbora,,2,常见,1168.5,38.06234779,0.05,0.01,T1,12.5,8,0.0066,3.204,benthopelagic,,,5,22,13.5,"[""杂食性""]",全天活跃,晴间多云、微风；以天气稳定为先,冷水,亚洲,撕鳍,30,黑尾叉牙七鳃鳗,近似种类比,"[""淡水"",""半咸水""]",,variable,3.06,fusiform / normal,,TL,待人工审核,新增鱼种整合：台钓xlsx美术清单第35行；台钓xlsx策划清单第2行；来源学名与FishBase属种精确匹配；规则FISH-INVENTORY-MERGE-R1,recvq6YNcISGxd,https://pisn3u3ony2.feishu.cn/base/P9rTbUTARaE1GasZp3rctaoungb?table=tblBWCSfMnN13524&view=vewiU8a1wj&record=recvq6YNcISGxd,2026-09-08,4987,https://app.notion.com/p/3d5a4137d236814090bfc716fbd957f9
鲢鱼,Silver Carp,Hypophthalmichthys Molitrix,Xenocyprididae,Hypophthalmichthys,,1,普通,273.3,5583.198566,50,2.5,T10,120,18,0.0052,3.162,benthopelagic,0,20,6,30,18,"[""植食性""]",早晨活跃,晴间多云、微风；以天气稳定为先,广温,欧亚大陆,温和,6.66,鲢鱼,同物种,"[""淡水"",""半咸水""]",potamodromous,grazing on aquatic plants,2.28,fusiform / normal,seines,TL,待人工审核,新增鱼种整合：美术资源总表152-173第153行；台钓xlsx美术清单第30行；鱼类需求第12行；台钓xlsx策划清单第58行；来源学名与FishBase属种精确匹配；规则FISH-INVENTORY-MERGE-R1,recvq6YNcIlrhs,https://pisn3u3ony2.feishu.cn/base/P9rTbUTARaE1GasZp3rctaoungb?table=tblBWCSfMnN13524&view=vewiU8a1wj&record=recvq6YNcIlrhs,2026-09-08,4987,https://app.notion.com/p/3d5a4137d2368144bc8bdc044702625a
黄尾鲴,Xenocypris Davidi,Xenocypris Davidi,Xenocyprididae,Xenocypris,,2,常见,1158.9,757.6036004,1.64,0.4,T2,46.9,11.8,0.009,3.18,benthopelagic,,,17,27,22,,早晨活跃,晴间多云、微风；以天气稳定为先,温水,亚洲,躲藏,30,银鲷鱼,近似种类比,"[""淡水"",""半咸水""]",,,,fusiform / normal,,SL,待人工审核,新增鱼种整合：台钓xlsx美术清单第38行；台钓xlsx策划清单第16行；来源学名与FishBase属种精确匹配；规则FISH-INVENTORY-MERGE-R1,recvq6YNcIvhh6,https://pisn3u3ony2.feishu.cn/base/P9rTbUTARaE1GasZp3rctaoungb?table=tblBWCSfMnN13524&view=vewiU8a1wj&record=recvq6YNcIvhh6,2026-09-08,4987,https://app.notion.com/p/3d5a4137d236817c8fabe6d042fc05d7
鲮,Mud Carp,Cirrhinus Molitorella,Cyprinidae,Cirrhinus,,2,常见,1158.9,757.6036004,1.488,0.3,T2,55,15.2,0.0075,3.08,benthopelagic,5,20,22,26,24,"[""植食性""]",早晨活跃,晴间多云、微风；以天气稳定为先,暖水,亚洲,温和,30,银鲷鱼,近似种类比,"[""淡水""]",potamodromous,grazing on aquatic plants,2,fusiform / normal,,TL,待人工审核,新增鱼种整合：台钓xlsx美术清单第23行；台钓xlsx策划清单第22行；来源学名与FishBase属种精确匹配；规则FISH-INVENTORY-MERGE-R1,recvq6YNcIxfgB,https://pisn3u3ony2.feishu.cn/base/P9rTbUTARaE1GasZp3rctaoungb?table=tblBWCSfMnN13524&view=vewiU8a1wj&record=recvq6YNcIxfgB,2026-09-08,4987,https://app.notion.com/p/3d5a4137d23681a590eac43eac7922a4
鳙鱼,Bighead Carp,Hypophthalmichthys Nobilis,Xenocyprididae,Hypophthalmichthys,,1,普通,204.9,5023.040115,40,4,T11,146,60,0.0139,3.07,benthopelagic,0,,0.5,38,19.25,"[""杂食性""]",早晨活跃,晴间多云、微风；以天气稳定为先,广温,亚洲,撕鳍,14.97,鳙鱼,同物种,"[""淡水"",""半咸水""]",potamodromous,variable,2.83,fusiform / normal,,SL,待人工审核,新增鱼种整合：美术资源总表152-173第154行；台钓xlsx美术清单第29行；鱼类需求第13行；台钓xlsx策划清单第64行；来源学名与FishBase属种精确匹配；规则FISH-INVENTORY-MERGE-R1,recvq6YNcIqCRi,https://pisn3u3ony2.feishu.cn/base/P9rTbUTARaE1GasZp3rctaoungb?table=tblBWCSfMnN13524&view=vewiU8a1wj&record=recvq6YNcIqCRi,2026-09-08,4987,https://app.notion.com/p/3d5a4137d23681be80e9e3619f88d8aa
高体鳑鲏,Rosy Bitterling,Rhodeus Ocellatus,Acheilognathidae,Rhodeus,,2,常见,1168.5,38.06234779,0.08,0.02,T1,9.2,5.2,0.0262,2.93,benthopelagic,,,18,24,21,,全天活跃,晴间多云、微风；以天气稳定为先,温水,亚洲 and Europe,躲藏,30,黑尾叉牙七鳃鳗,近似种类比,"[""淡水"",""半咸水""]",,,,fusiform / normal,,SL,待人工审核,新增鱼种整合：台钓xlsx美术清单第36行；台钓xlsx策划清单第3行；来源学名与FishBase属种精确匹配；规则FISH-INVENTORY-MERGE-R1,recvq6YNcIEUhR,https://pisn3u3ony2.feishu.cn/base/P9rTbUTARaE1GasZp3rctaoungb?table=tblBWCSfMnN13524&view=vewiU8a1wj&record=recvq6YNcIEUhR,2026-09-08,4987,https://app.notion.com/p/3d5a4137d23681c7b599dd5600586634
鳜鱼,Mandarin Fish,Siniperca Chuatsi,Sinipercidae,Siniperca,,3,稀有,1752.8,6445.376803,8,1,T5,70,30,0.0103,3.105,benthopelagic,10,,4,22,13,"[""肉食性""]",全天活跃,晴间多云、微风；以天气稳定为先,广温,亚洲,追猎,70.11,鲽鱼,近似种类比,"[""淡水""]",,hunting macrofauna (predator),4.45,short and / or deep,,TL,待人工审核,新增鱼种整合：台钓xlsx美术清单第28行；台钓xlsx策划清单第44行；来源学名与FishBase属种精确匹配；规则FISH-INVENTORY-MERGE-R1,recvq6YNcIbsH9,https://pisn3u3ony2.feishu.cn/base/P9rTbUTARaE1GasZp3rctaoungb?table=tblBWCSfMnN13524&view=vewiU8a1wj&record=recvq6YNcIbsH9,2026-09-08,4987,https://app.notion.com/p/3d5a4137d23681ffa05eeb53119c59c8
翘嘴红鲌,Topmouth Culter,Culter Alburnus,Xenocyprididae,Culter,,2,常见,968.5,151.0299759,0.6,1.5,T1,92.8,28,0.0085,3.04,benthopelagic,,,11,19,15,"[""肉食性""]",早晨活跃,晴间多云、微风；以天气稳定为先,温水,亚洲,躲藏,30,青蛙,近似种类比,"[""淡水""]",,,,elongated,,FL,待人工审核,新增鱼种整合：台钓xlsx美术清单第27行；台钓xlsx策划清单第56行；来源学名与FishBase属种精确匹配；规则FISH-INVENTORY-MERGE-R1,recvq6YNcIeBRp,https://pisn3u3ony2.feishu.cn/base/P9rTbUTARaE1GasZp3rctaoungb?table=tblBWCSfMnN13524&view=vewiU8a1wj&record=recvq6YNcIeBRp,2026-09-08,4987,https://app.notion.com/p/3d5a4137d23681128773e8c87c8fccee
青鱼,Black Carp,Mylopharyngodon Piceus,Xenocyprididae,Mylopharyngodon,,1,普通,295.4,6758.836733,35,10,T11,180,12.2,0.0097,3.063,demersal,5,30,0,40,20,"[""肉食性""]",早晨活跃,晴间多云、微风；以天气稳定为先,温水,亚洲,撕鳍,30,黑鲩,同物种,"[""淡水"",""半咸水""]",potamodromous,hunting macrofauna (predator),3.19,fusiform / normal,seines,TL,待人工审核,新增鱼种整合：台钓xlsx美术清单第33行；台钓xlsx策划清单第76行；来源学名与FishBase属种精确匹配；规则FISH-INVENTORY-MERGE-R1,recvq6YNcILcBb,https://pisn3u3ony2.feishu.cn/base/P9rTbUTARaE1GasZp3rctaoungb?table=tblBWCSfMnN13524&view=vewiU8a1wj&record=recvq6YNcILcBb,2026-09-08,4987,https://app.notion.com/p/3d5a4137d23681218e14f2e569ac4444
青梢红鲌,Humpback,Culter Recurviceps,Xenocyprididae,Culter,,2,常见,1227.4,1203.56357,2.047,0.5,T2,54.6,30,0.00545,3.05,benthopelagic,,,17,27,22,,早晨活跃,晴间多云、微风；以天气稳定为先,温水,亚洲,躲藏,30,拉多加白鲑,近似种类比,"[""淡水""]",,,,elongated,,TL,待人工审核,新增鱼种整合：台钓xlsx美术清单第39行；台钓xlsx策划清单第20行；来源学名与FishBase属种精确匹配；规则FISH-INVENTORY-MERGE-R1,recvq6YNcIo8KL,https://pisn3u3ony2.feishu.cn/base/P9rTbUTARaE1GasZp3rctaoungb?table=tblBWCSfMnN13524&view=vewiU8a1wj&record=recvq6YNcIo8KL,2026-09-08,4987,https://app.notion.com/p/3d5a4137d2368139bea9d953ba845238
锦鲤,Koi,Cyprinus Rubrofuscus,Cyprinidae,Cyprinus,,1,普通,160.3,3274.741054,40.09,3,T10,120,31,0.0173,2.993,benthopelagic,0,29,3,35,19,"[""肉食性""]",早晨活跃,晴间多云、微风；以天气稳定为先,广温,欧亚大陆,孤僻,16.08,镜鲤,同物种,"[""淡水"",""半咸水""]",potamodromous,hunting macrofauna (predator),3.06,fusiform / normal,seines,TL,待人工审核,新增鱼种整合：台钓xlsx策划清单第61行；来源英文名与FishBase唯一精确匹配；规则FISH-INVENTORY-MERGE-R1,recvq6YNcIJS4j,https://pisn3u3ony2.feishu.cn/base/P9rTbUTARaE1GasZp3rctaoungb?table=tblBWCSfMnN13524&view=vewiU8a1wj&record=recvq6YNcIJS4j,2026-09-08,4987,https://app.notion.com/p/3d5a4137d236813fbb03c0c09b86caae
罗非鱼,Nile Tilapia,Oreochromis Niloticus,Cichlidae,Oreochromis,,2,常见,841.6,2063.148151,4.324,0.6,T4,60,25,0.024,2.693,benthopelagic,0,20,13.5,33,23.25,"[""植食性""]",全天活跃,晴间多云、微风；以天气稳定为先,广温,Africa: naturally occurring in coastal rivers of Israel (Ref.,温和,30,短角大杜父鱼,近似种类比,"[""淡水"",""半咸水""]",potamodromous,browsing on substrate,2,fusiform / normal,seines,SL,待人工审核,新增鱼种整合：台钓xlsx美术清单第25行；台钓xlsx策划清单第34行；来源学名与FishBase属种精确匹配；规则FISH-INVENTORY-MERGE-R1,recvq6YNcIjOcP,https://pisn3u3ony2.feishu.cn/base/P9rTbUTARaE1GasZp3rctaoungb?table=tblBWCSfMnN13524&view=vewiU8a1wj&record=recvq6YNcIjOcP,2026-09-08,4987,https://app.notion.com/p/3d5a4137d23681549871e390404101f2
野生鲫鱼,Goldfish,Carassius Auratus,Cyprinidae,Carassius,,1,普通,508.1,456.7190884,1.2,0.25,T2,35,18,0.01049,3.14,,0,20,0,41,20.5,,早晨活跃,晴间多云、微风；以天气稳定为先,温水,亚洲,活泼,19.8,美洲真鰶,近似种类比,,,,,,,,待人工审核,新增鱼种整合：台钓xlsx美术清单第20行；台钓xlsx策划清单第14行；未取得FishBase唯一匹配，保留来源字段；规则FISH-INVENTORY-MERGE-R1,recvq6YNcIlcYz,https://pisn3u3ony2.feishu.cn/base/P9rTbUTARaE1GasZp3rctaoungb?table=tblBWCSfMnN13524&view=vewiU8a1wj&record=recvq6YNcIlcYz,2026-09-08,4987,https://app.notion.com/p/3d5a4137d236815eb1b6efd4c722adff
荷包红鲤,Wuyuan Red Carp,Cyprinus Carpio Var. Wuyuanensis,Cyprinidae,Cyprinus,,1,普通,192.7,3149.308053,2,0.5,T9,40,25,0.0173,2.993,,0,29,3,35,19,,早晨活跃,晴间多云、微风；以天气稳定为先,温水,欧亚大陆,活泼,16.08,普通鲤鱼,同物种,,,,,,,,待人工审核,新增鱼种整合：台钓xlsx策划清单第19行；未取得FishBase唯一匹配，保留来源字段；规则FISH-INVENTORY-MERGE-R1,recvq6YNcIsM5N,https://pisn3u3ony2.feishu.cn/base/P9rTbUTARaE1GasZp3rctaoungb?table=tblBWCSfMnN13524&view=vewiU8a1wj&record=recvq6YNcIsM5N,2026-09-08,4987,https://app.notion.com/p/3d5a4137d236816b9cc9cb0d1f6fb114
赤眼鳟,Barbel Chub,Squaliobarbus Curriculus,Xenocyprididae,Squaliobarbus,,2,常见,1158.9,757.6036004,1.603,0.8,T2,48.8,12.8,0.0019,3.166,benthopelagic,,,17,27,22,,早晨活跃,晴间多云、微风；以天气稳定为先,温水,亚洲,躲藏,30,银鲷鱼,近似种类比,"[""淡水"",""半咸水""]",,,,elongated,,TL,待人工审核,新增鱼种整合：台钓xlsx美术清单第41行；台钓xlsx策划清单第35行；来源学名与FishBase属种精确匹配；规则FISH-INVENTORY-MERGE-R1,recvq6YNcIt6Bv,https://pisn3u3ony2.feishu.cn/base/P9rTbUTARaE1GasZp3rctaoungb?table=tblBWCSfMnN13524&view=vewiU8a1wj&record=recvq6YNcIt6Bv,2026-09-08,4987,https://app.notion.com/p/3d5a4137d236818f8d33fe60d163aab2
革胡子鲶,African Sharptooth Catfish,Clarias Gariepinus,Clariidae,Clarias,,2,常见,748.2,24455.75802,60,2,T11,170,90,0.016,2.88,benthopelagic,0,80,8,35,21.5,"[""肉食性""]",夜间活跃,阴天、小雨或低光照；以天气稳定为先,广温,Africa: almost Pan-African (Ref.,孤僻,30,大鳞麻哈鱼,近似种类比,"[""淡水""]",potamodromous,hunting macrofauna (predator),3.76,elongated,gillnets,TL,待人工审核,新增鱼种整合：台钓xlsx策划清单第53行；来源学名与FishBase属种精确匹配；规则FISH-INVENTORY-MERGE-R1,recvq6YNcIcY73,https://pisn3u3ony2.feishu.cn/base/P9rTbUTARaE1GasZp3rctaoungb?table=tblBWCSfMnN13524&view=vewiU8a1wj&record=recvq6YNcIcY73,2026-09-08,4987,https://app.notion.com/p/3d5a4137d23681c3a84ac5e92b0b02fc
花骨鱼,Spotted Steed,Hemibarbus Maculatus,Gobionidae,Hemibarbus,,2,常见,1227.4,1203.56357,1.7,0.6,T2,47,26,0.006,3.103,benthopelagic,,,10,24,17,"[""肉食性""]",全天活跃,晴间多云、微风；以天气稳定为先,温水,亚洲,追猎,30,拉多加白鲑,近似种类比,"[""淡水""]",,hunting macrofauna (predator),3.45,fusiform / normal,,TL,待人工审核,新增鱼种整合：台钓xlsx策划清单第21行；来源学名与FishBase属种精确匹配；规则FISH-INVENTORY-MERGE-R1,recvq6YNcIimdw,https://pisn3u3ony2.feishu.cn/base/P9rTbUTARaE1GasZp3rctaoungb?table=tblBWCSfMnN13524&view=vewiU8a1wj&record=recvq6YNcIimdw,2026-09-08,4987,https://app.notion.com/p/3d5a4137d23681c892bedb98c9dc6f06
镜鲤,Mirror Carp,Cyprinus Carpio Var. Specularis,Cyprinidae,Cyprinus,,1,普通,160.3,3274.741054,40.09,1.2,T10,120,31,0.0173,2.993,benthopelagic,0,29,3,35,19,"[""肉食性""]",早晨活跃,晴间多云、微风；以天气稳定为先,广温,欧亚大陆,撕鳍,16.08,镜鲤,同物种,"[""淡水"",""半咸水""]",potamodromous,hunting macrofauna (predator),3.06,fusiform / normal,seines,TL,待人工审核,新增鱼种整合：台钓xlsx美术清单第13行；台钓xlsx策划清单第59行；来源英文名与FishBase唯一精确匹配；规则FISH-INVENTORY-MERGE-R1,recvq6YNcIysR0,https://pisn3u3ony2.feishu.cn/base/P9rTbUTARaE1GasZp3rctaoungb?table=tblBWCSfMnN13524&view=vewiU8a1wj&record=recvq6YNcIysR0,2026-09-08,4987,https://app.notion.com/p/3d5a4137d23681d9ae74f961b81f4578
蒙古红鲌,Mongolian Redfin,Chanodichthys Mongolicus,Xenocyprididae,Chanodichthys,,3,稀有,1840.6,3760.129996,4,0.8,T3,100,40,0.0107,3.04,benthopelagic,,,10,20,15,"[""肉食性""]",早晨活跃,晴间多云、微风；以天气稳定为先,温水,亚洲,躲藏,30,蒙古红鲌,同物种,"[""淡水""]",,,,fusiform / normal,,SL,待人工审核,新增鱼种整合：台钓xlsx美术清单第40行；台钓xlsx策划清单第32行；来源英文名与FishBase唯一精确匹配；规则FISH-INVENTORY-MERGE-R1,recvq6YNcICsUd,https://pisn3u3ony2.feishu.cn/base/P9rTbUTARaE1GasZp3rctaoungb?table=tblBWCSfMnN13524&view=vewiU8a1wj&record=recvq6YNcICsUd,2026-09-08,4987,https://app.notion.com/p/3d5a4137d23681e3981bdbeb9c547e0a
蓝鲨,Iridescent Shark,Pangasianodon Hypophthalmus,Pangasiidae,Pangasianodon,,2,常见,935,19100.95375,44,5,T10,130,60,0.0227,2.75,benthopelagic,,,22,26,24,"[""肉食性""]",全天活跃,晴间多云、微风；以天气稳定为先,暖水,亚洲,撕鳍,30,蓝魣鳕,近似种类比,"[""淡水""]",potamodromous,hunting macrofauna (predator),3.12,elongated,,SL,待人工审核,新增鱼种整合：台钓xlsx策划清单第67行；来源学名与FishBase属种精确匹配；规则FISH-INVENTORY-MERGE-R1,recvq6YNcIHj3r,https://pisn3u3ony2.feishu.cn/base/P9rTbUTARaE1GasZp3rctaoungb?table=tblBWCSfMnN13524&view=vewiU8a1wj&record=recvq6YNcIHj3r,2026-09-08,4987,https://app.notion.com/p/3d5a4137d23681eba3d0cbb372e49e37
长吻𬶏,Chinese Longsnout Catfish,"Tachysurus dumerili (Bleeker, 1864)",Bagridae,Tachysurus,,2,常见,1004.4,2462.245725,4.803,1.5,T4,80.4,50,0.01072,2.93,demersal,,,11,19,15,,全天活跃,晴间多云、微风；以天气稳定为先,温水,亚洲,孤僻,30,Tachysurus dumerili,近似种类比,"[""淡水"",""半咸水""]",,,3.9,elongated,hooks_and_lines,TL,待人工审核,FishBase Tachysurus dumerili (ID 50980); 长吻𬶏 中文俗名精确匹配; 淡水底栖温带; 原属Leiocassis longirostris已修订为Tachysurus dumerili,recvq6YNcIHOxR,https://pisn3u3ony2.feishu.cn/base/P9rTbUTARaE1GasZp3rctaoungb?table=tblBWCSfMnN13524&view=vewiU8a1wj&record=recvq6YNcIHOxR,2026-09-08,4987,https://app.notion.com/p/3d5a4137d23681efb88bc4102b879d57
细鳞鲑,Sharp Snouted Lenok,Brachymystax Lenok,Salmonidae,Brachymystax,,2,常见,792,3559.51891,8,1,T5,70,55,0.00536,3.172,benthopelagic,,,11,19,15,"[""肉食性""]",晨昏活跃,多云、小雨或微风；避免强烈正午光照,冷水,亚洲,追猎,150,细鳞鲑,同物种,"[""淡水""]",anadromous,hunting macrofauna (predator),3.76,fusiform / normal,,TL,待人工审核,新增鱼种整合：台钓xlsx美术清单第9行；台钓xlsx策划清单第36行；来源学名与FishBase属种精确匹配；规则FISH-INVENTORY-MERGE-R1,recvq6YNcIoSVf,https://pisn3u3ony2.feishu.cn/base/P9rTbUTARaE1GasZp3rctaoungb?table=tblBWCSfMnN13524&view=vewiU8a1wj&record=recvq6YNcIoSVf,2026-09-08,4987,https://app.notion.com/p/3d5a4137d23681fda9e6dd18a31ff631
红罗非,Red Tilapia,Oreochromis Sp. (hybrid),Cichlidae,Oreochromis,,2,常见,1004.4,2462.245725,5,0.8,T4,55,30,0.0366,2.844,,,,20,35,27.5,,全天活跃,晴间多云、微风；以天气稳定为先,暖水,Africa: naturally occurring in coastal rivers of Israel (Ref.,活泼,30,斑点雀鳝,近似种类比,,,,,,,,待人工审核,新增鱼种整合：台钓xlsx美术清单第10行；台钓xlsx策划清单第41行；未取得FishBase唯一匹配，保留来源字段；规则FISH-INVENTORY-MERGE-R1,recvq6YNcINNjg,https://pisn3u3ony2.feishu.cn/base/P9rTbUTARaE1GasZp3rctaoungb?table=tblBWCSfMnN13524&view=vewiU8a1wj&record=recvq6YNcINNjg,2026-09-08,4987,https://app.notion.com/p/3d5a4137d236810aad77c5e50cfd3852
斑鳜,Spotted Mandarin Fish,Siniperca Scherzeri,Sinipercidae,Siniperca,,2,常见,1004.4,532.6915689,0.607,0.4,T2,37.4,16.9,0.0067,3.18,benthopelagic,,,11,19,15,"[""肉食性""]",全天活跃,晴间多云、微风；以天气稳定为先,温水,亚洲,躲藏,30,太阳鱼,近似种类比,"[""淡水"",""半咸水""]",,,,fusiform / normal,,TL,待人工审核,新增鱼种整合：台钓xlsx美术清单第4行；台钓xlsx策划清单第17行；来源学名与FishBase属种精确匹配；规则FISH-INVENTORY-MERGE-R1,recvq6YNcILFwW,https://pisn3u3ony2.feishu.cn/base/P9rTbUTARaE1GasZp3rctaoungb?table=tblBWCSfMnN13524&view=vewiU8a1wj&record=recvq6YNcILFwW,2026-09-08,4987,https://app.notion.com/p/3d5a4137d2368112adc4fd51f802a34e
淡水白鲳,Red-bellied Pacu,Piaractus Brachypomus,Serrasalmidae,Piaractus,,2,常见,788.8,9346.270313,25,1.5,T8,88,35,0.02891,3.116,pelagic,,,23,28,25.5,"[""植食性""]",全天活跃,晴间多云、微风；以天气稳定为先,暖水,南美洲,温和,30,大西洋狼鳚,近似种类比,"[""淡水""]",,other,2.52,short and / or deep,other,TL,待人工审核,新增鱼种整合：台钓xlsx策划清单第51行；来源学名与FishBase属种精确匹配；规则FISH-INVENTORY-MERGE-R1,recvq6YNcIhhiO,https://pisn3u3ony2.feishu.cn/base/P9rTbUTARaE1GasZp3rctaoungb?table=tblBWCSfMnN13524&view=vewiU8a1wj&record=recvq6YNcIhhiO,2026-09-08,4987,https://app.notion.com/p/3d5a4137d23681219802fed2dd084aa1
沙塘鳢,Dark Sleeper,Odontobutis Obscura,Odontobutidae,Odontobutis,,2,常见,968.5,151.0299759,0.5,0.1,T1,30,15,0.0063,3.298,,,,11,19,15,,全天活跃,晴间多云、微风；以天气稳定为先,温水,亚洲,躲藏,30,青蛙,近似种类比,,,,,,,,待人工审核,新增鱼种整合：台钓xlsx策划清单第9行；未取得FishBase唯一匹配，保留来源字段；规则FISH-INVENTORY-MERGE-R1,recvq6YNcI8WeG,https://pisn3u3ony2.feishu.cn/base/P9rTbUTARaE1GasZp3rctaoungb?table=tblBWCSfMnN13524&view=vewiU8a1wj&record=recvq6YNcI8WeG,2026-09-08,4987,https://app.notion.com/p/3d5a4137d23681368fa0ddc975a6592c
海鲈,Japanese Seabass,Lateolabrax Maculatus,Lateolabracidae,Lateolabrax,,4,珍稀,3272.4,24066.46628,15,4,T7,120,70,0.00682,3.151,,5,,17.4,27.4,22.4,,晨昏活跃,多云、小雨或微风；避免强烈正午光照,温水,西太平洋,活泼,150,北海平鲉,近似种类比,,,,,,,,待人工审核,新增鱼种整合：台钓xlsx策划清单第65行；未取得FishBase唯一匹配，保留来源字段；规则FISH-INVENTORY-MERGE-R1,recvq6YNcIxBzV,https://pisn3u3ony2.feishu.cn/base/P9rTbUTARaE1GasZp3rctaoungb?table=tblBWCSfMnN13524&view=vewiU8a1wj&record=recvq6YNcIxBzV,2026-09-08,4987,https://app.notion.com/p/3d5a4137d236815ca4d0f6b507aa92e0
湘华鲮,Decoris Labeo,Sinilabeo Decorus Tungting,Cyprinidae,Sinilabeo,,2,常见,1251.8,3580.192883,6,1.5,T4,70,40,0.0218,3.2176,,,,17,27,22,,早晨活跃,晴间多云、微风；以天气稳定为先,温水,亚洲,躲藏,30,黑白鲑,近似种类比,,,,,,,,待人工审核,新增鱼种整合：台钓xlsx策划清单第43行；未取得FishBase唯一匹配，保留来源字段；规则FISH-INVENTORY-MERGE-R1,recvq6YNcIOd57,https://pisn3u3ony2.feishu.cn/base/P9rTbUTARaE1GasZp3rctaoungb?table=tblBWCSfMnN13524&view=vewiU8a1wj&record=recvq6YNcIOd57,2026-09-08,4987,https://app.notion.com/p/3d5a4137d236815d850bc7754ef02b05
湄公鲶,Mekong Giant Catfish,Pangasianodon Gigas,Pangasiidae,Pangasianodon,,2,常见,838.4,95914.16244,350,60,T13,300,150,0.04,2.8,benthopelagic,,,20,32,26,"[""植食性""]",夜间活跃,阴天、小雨或低光照；以天气稳定为先,暖水,亚洲,孤僻,30,鼠鲨,近似种类比,"[""淡水""]",potamodromous,other,2.3,elongated,,TL,待人工审核,新增鱼种整合：台钓xlsx策划清单第85行；来源学名与FishBase属种精确匹配；规则FISH-INVENTORY-MERGE-R1,recvq6YNcID5fB,https://pisn3u3ony2.feishu.cn/base/P9rTbUTARaE1GasZp3rctaoungb?table=tblBWCSfMnN13524&view=vewiU8a1wj&record=recvq6YNcID5fB,2026-09-08,4987,https://app.notion.com/p/3d5a4137d2368180839ec36e5e865f6c
欧洲巨鲶,Wels Catfish,Silurus Glanis,Siluridae,Silurus,,2,常见,1252.2,71626.73796,130,25,T12,273,130,0.008,2.91,benthopelagic,0,30,4,20,12,"[""肉食性""]",夜间活跃,阴天、小雨或低光照；以天气稳定为先,冷水,欧亚大陆,孤僻,30,鳄雀鳝,近似种类比,"[""淡水"",""半咸水""]",non-migratory,hunting macrofauna (predator),4.36,elongated,seines,TL,待人工审核,新增鱼种整合：台钓xlsx策划清单第83行；来源学名与FishBase属种精确匹配；规则FISH-INVENTORY-MERGE-R1,recvq6YNcI44ye,https://pisn3u3ony2.feishu.cn/base/P9rTbUTARaE1GasZp3rctaoungb?table=tblBWCSfMnN13524&view=vewiU8a1wj&record=recvq6YNcI44ye,2026-09-08,4987,https://app.notion.com/p/3d5a4137d236818db129fc83b0438582
杂交鲟,Hybrid Sturgeon,Acipenser Schrenckii X Huso Dauricus,Acipenseridae,Acipenser,,2,常见,946.7,46415.93047,100,15,T12,200,100,0.0028,3.1701,,,,10,20,15,,晨昏活跃,多云、小雨或微风；避免强烈正午光照,温水,亚洲,孤僻,30,拉多加鲟,近似种类比,,,,,,,,待人工审核,新增鱼种整合：台钓xlsx策划清单第78行；未取得FishBase唯一匹配，保留来源字段；规则FISH-INVENTORY-MERGE-R1,recvq6YNcIVZWx,https://pisn3u3ony2.feishu.cn/base/P9rTbUTARaE1GasZp3rctaoungb?table=tblBWCSfMnN13524&view=vewiU8a1wj&record=recvq6YNcIVZWx,2026-09-08,4987,https://app.notion.com/p/3d5a4137d23681a389c4fe0cd1742bd3
柳根鱼,Amur Minnow,Rhynchocypris Lagowskii,Leuciscidae,Rhynchocypris,,2,常见,1168.5,38.06234779,0.025,0.05,T1,24,12,0.00613,3.19,benthopelagic,,,16,20,18,,早晨活跃,晴间多云、微风；以天气稳定为先,温水,亚洲,躲藏,30,黑尾叉牙七鳃鳗,近似种类比,"[""淡水""]",,,,fusiform / normal,,TL,待人工审核,新增鱼种整合：台钓xlsx策划清单第5行；来源学名与FishBase属种精确匹配；规则FISH-INVENTORY-MERGE-R1,recvq6YNcIMyMX,https://pisn3u3ony2.feishu.cn/base/P9rTbUTARaE1GasZp3rctaoungb?table=tblBWCSfMnN13524&view=vewiU8a1wj&record=recvq6YNcIMyMX,2026-09-08,4987,https://app.notion.com/p/3d5a4137d23681ae9a41c36904b27782
泰鲮,Rohu,Labeo Rohita,Cyprinidae,Labeo,,2,常见,1051.8,21487.0408,45,2,T10,200,45,0.00732,3.149,benthopelagic,5,,20,32,26,"[""植食性""]",早晨活跃,晴间多云、微风；以天气稳定为先,温水,亚洲,温和,30,镜鲤(白化),近似种类比,"[""淡水"",""半咸水""]",potamodromous,grazing on aquatic plants,2.19,fusiform / normal,,TL,待人工审核,新增鱼种整合：台钓xlsx策划清单第46行；来源学名与FishBase属种精确匹配；规则FISH-INVENTORY-MERGE-R1,recvq6YNcItDBI,https://pisn3u3ony2.feishu.cn/base/P9rTbUTARaE1GasZp3rctaoungb?table=tblBWCSfMnN13524&view=vewiU8a1wj&record=recvq6YNcItDBI,2026-09-08,4987,https://app.notion.com/p/3d5a4137d23681bf8203f288ac2a54c2
淡水石斑,Jaguar Cichlid,Parachromis Managuensis,Cichlidae,Parachromis,,2,常见,1158.9,757.6036004,1.58,0.5,T2,55,25,0.0219,2.9195,benthopelagic,3,10,25,36,30.5,"[""肉食性""]",全天活跃,晴间多云、微风；以天气稳定为先,暖水,中美洲,好斗,30,银鲷鱼,近似种类比,"[""淡水""]",,hunting macrofauna (predator),3.96,fusiform / normal,,TL,待人工审核,新增鱼种整合：台钓xlsx美术清单第5行；台钓xlsx策划清单第18行；来源学名与FishBase属种精确匹配；规则FISH-INVENTORY-MERGE-R1,recvq6YNcIXBRa,https://pisn3u3ony2.feishu.cn/base/P9rTbUTARaE1GasZp3rctaoungb?table=tblBWCSfMnN13524&view=vewiU8a1wj&record=recvq6YNcIXBRa,2026-09-08,4987,https://app.notion.com/p/3d5a4137d23681c690e1f86b2f6b62e6
江黄颡,Darkbarbel Catfish,Tachysurus Vachellii,Bagridae,Tachysurus,,2,常见,1016.1,1245.4639,2.5,0.5,T3,42.3,21,0.0069,3.078,demersal,,,17,27,22,,全天活跃,晴间多云、微风；以天气稳定为先,温水,亚洲,孤僻,30,红鳍鱼,近似种类比,"[""淡水""]",,,,elongated,,TL,待人工审核,新增鱼种整合：台钓xlsx策划清单第25行；来源学名与FishBase属种精确匹配；规则FISH-INVENTORY-MERGE-R1,recvq6YNcIOZP9,https://pisn3u3ony2.feishu.cn/base/P9rTbUTARaE1GasZp3rctaoungb?table=tblBWCSfMnN13524&view=vewiU8a1wj&record=recvq6YNcIOZP9,2026-09-08,4987,https://app.notion.com/p/3d5a4137d23681df8e82c2da2bfd82f7
笋壳鱼,Marble Goby,Oxyeleotris Marmorata,Butidae,Oxyeleotris,,2,常见,789.8,1128.793575,3,0.8,T3,65,30,0.0049,3.28,demersal,10,,22,28,25,"[""肉食性""]",全天活跃,晴间多云、微风；以天气稳定为先,暖水,亚洲,好斗,30,金眼狼鲈,近似种类比,"[""淡水"",""半咸水""]",potamodromous,hunting macrofauna (predator),3.9,fusiform / normal,,SL,待人工审核,新增鱼种整合：台钓xlsx策划清单第29行；来源学名与FishBase属种精确匹配；规则FISH-INVENTORY-MERGE-R1,recvq6YNcIvxdV,https://pisn3u3ony2.feishu.cn/base/P9rTbUTARaE1GasZp3rctaoungb?table=tblBWCSfMnN13524&view=vewiU8a1wj&record=recvq6YNcIvxdV,2026-09-08,4987,https://app.notion.com/p/3d5a4137d23681e4a6d9feeac9895a48
暹罗巨鲤,Giant Barb,Catlocarpio Siamensis,Cyprinidae,Catlocarpio,,2,常见,838.4,95914.16244,300,20,T13,300,90,0.0393,3,benthopelagic,,,20,32,26,"[""杂食性""]",早晨活跃,晴间多云、微风；以天气稳定为先,温水,亚洲,撕鳍,30,鼠鲨,近似种类比,"[""淡水""]",potamodromous,variable,2.92,fusiform / normal,,TL,待人工审核,新增鱼种整合：台钓xlsx策划清单第82行；来源学名与FishBase属种精确匹配；规则FISH-INVENTORY-MERGE-R1,recvq6YNcIWisp,https://pisn3u3ony2.feishu.cn/base/P9rTbUTARaE1GasZp3rctaoungb?table=tblBWCSfMnN13524&view=vewiU8a1wj&record=recvq6YNcIWisp,2026-09-08,4987,https://app.notion.com/p/3d5a4137d23681e69a96e09e1ea7b9a8
大青鲨,Paroon Shark,Pangasius Sanitwongsei,Pangasiidae,Pangasius,,2,常见,838.4,95914.16244,300,4,T13,300,50,0.0251,3,benthopelagic,,,20,32,26,"[""肉食性""]",全天活跃,晴间多云、微风；以天气稳定为先,暖水,亚洲,追猎,30,鼠鲨,近似种类比,"[""淡水""]",potamodromous,hunting macrofauna (predator),3.99,elongated,,SL,待人工审核,新增鱼种整合：台钓xlsx策划清单第66行；来源学名与FishBase属种精确匹配；规则FISH-INVENTORY-MERGE-R1,recvq6YNcIeP9O,https://pisn3u3ony2.feishu.cn/base/P9rTbUTARaE1GasZp3rctaoungb?table=tblBWCSfMnN13524&view=vewiU8a1wj&record=recvq6YNcIeP9O,2026-09-08,4987,https://app.notion.com/p/3d5a4137d23681109c48d7705eef24f3
宽鳍𫚭,Pale Chub,Zacco Platypus,Xenocyprididae,Zacco,,2,常见,968.5,151.0299759,0.388,0.08,T1,22.5,13,0.0048,3.24,benthopelagic,,,10,22,16,"[""杂食性""]",早晨活跃,晴间多云、微风；以天气稳定为先,温水,亚洲,撕鳍,30,青蛙,近似种类比,"[""淡水""]",,variable,3.05,fusiform / normal,,TL,待人工审核,新增鱼种整合：台钓xlsx美术清单第18行；台钓xlsx策划清单第7行；来源学名与FishBase属种精确匹配；规则FISH-INVENTORY-MERGE-R1,recvq6YNcIkbkA,https://pisn3u3ony2.feishu.cn/base/P9rTbUTARaE1GasZp3rctaoungb?table=tblBWCSfMnN13524&view=vewiU8a1wj&record=recvq6YNcIkbkA,2026-09-08,4987,https://app.notion.com/p/3d5a4137d236812db59ef07e54db0fcf
圆吻鲴,Distoechodon Tumirostris,Distoechodon Tumirostris,Xenocyprididae,Distoechodon,,2,常见,1004.4,532.6915689,1.2,0.3,T2,26.1,10.3,0.0256,2.849,benthopelagic,10,20,17,27,22,,早晨活跃,晴间多云、微风；以天气稳定为先,温水,亚洲,躲藏,30,太阳鱼,近似种类比,"[""淡水""]",,,,fusiform / normal,,SL,待人工审核,新增鱼种整合：台钓xlsx美术清单第3行；台钓xlsx策划清单第15行；来源学名与FishBase属种精确匹配；规则FISH-INVENTORY-MERGE-R1,recvq6YNcIYYRG,https://pisn3u3ony2.feishu.cn/base/P9rTbUTARaE1GasZp3rctaoungb?table=tblBWCSfMnN13524&view=vewiU8a1wj&record=recvq6YNcIYYRG,2026-09-08,4987,https://app.notion.com/p/3d5a4137d2368156b519f5934797ffd5
圆腹雅罗鱼,Ide,Leuciscus Idus,Leuciscidae,Leuciscus,,2,常见,601.4,1965.743501,4,1,T4,85,30,0.0176,3.0662,benthopelagic,15,,4,20,12,"[""杂食性""]",早晨活跃,晴间多云、微风；以天气稳定为先,冷水,欧亚大陆,撕鳍,30,圆腹雅罗鱼,同物种,"[""淡水"",""半咸水""]",potamodromous,variable,3.79,fusiform / normal,,SL,待人工审核,新增鱼种整合：玩法提单-鱼第30行；台钓xlsx策划清单第13行；来源学名与FishBase属种精确匹配；规则FISH-INVENTORY-MERGE-R1,recvq6YNcIciHF,https://pisn3u3ony2.feishu.cn/base/P9rTbUTARaE1GasZp3rctaoungb?table=tblBWCSfMnN13524&view=vewiU8a1wj&record=recvq6YNcIciHF,2026-09-08,4987,https://app.notion.com/p/3d5a4137d2368157b0fffc59173e1b62
团头鲂,Wuchang Bream,Megalobrama Amblycephala,Xenocyprididae,Megalobrama,,2,常见,1016.1,1245.4639,2.5,0.6,T3,200,30,0.0066,3.203,benthopelagic,5,20,10,20,15,,早晨活跃,晴间多云、微风；以天气稳定为先,温水,亚洲,躲藏,30,红鳍鱼,近似种类比,"[""淡水""]",,,,fusiform / normal,,TL,待人工审核,新增鱼种整合：台钓xlsx美术清单第7行；台钓xlsx策划清单第26行；来源学名与FishBase属种精确匹配；规则FISH-INVENTORY-MERGE-R1,recvq6YNcIHywe,https://pisn3u3ony2.feishu.cn/base/P9rTbUTARaE1GasZp3rctaoungb?table=tblBWCSfMnN13524&view=vewiU8a1wj&record=recvq6YNcIHywe,2026-09-08,4987,https://app.notion.com/p/3d5a4137d236815882ecfd876a69c2f0
土鲶,Amur Catfish,Silurus Asotus,Siluridae,Silurus,,2,常见,1126.7,15651.66879,30,2,T8,130,37,0.0054,3.01,demersal,,,5,25,15,"[""肉食性""]",夜间活跃,阴天、小雨或低光照；以天气稳定为先,广温,亚洲,孤僻,30,花狼鱼,近似种类比,"[""淡水""]",,hunting macrofauna (predator),4.43,elongated,,TL,待人工审核,新增鱼种整合：台钓xlsx策划清单第57行；来源学名与FishBase属种精确匹配；规则FISH-INVENTORY-MERGE-R1,recvq6YNcIn0wK,https://pisn3u3ony2.feishu.cn/base/P9rTbUTARaE1GasZp3rctaoungb?table=tblBWCSfMnN13524&view=vewiU8a1wj&record=recvq6YNcIn0wK,2026-09-08,4987,https://app.notion.com/p/3d5a4137d23681759b53d9381cc8b16f
工程鲫,Hybrid Crucian Carp,Carassius Auratus (triploid),Cyprinidae,Carassius,,1,普通,272.5,423.0788471,3.5,0.8,T3,50,25,0.01049,3.14,,0,20,0,41,20.5,,早晨活跃,晴间多云、微风；以天气稳定为先,温水,亚洲,活泼,19.8,银鲫,近似种类比,,,,,,,,待人工审核,新增鱼种整合：台钓xlsx策划清单第30行；未取得FishBase唯一匹配，保留来源字段；规则FISH-INVENTORY-MERGE-R1,recvq6YNcIw0FK,https://pisn3u3ony2.feishu.cn/base/P9rTbUTARaE1GasZp3rctaoungb?table=tblBWCSfMnN13524&view=vewiU8a1wj&record=recvq6YNcIw0FK,2026-09-08,4987,https://app.notion.com/p/3d5a4137d236818cbdafe4e636aa8a59
广东鲂,Guangdong Bream,Megalobrama Terminalis,Xenocyprididae,Megalobrama,,2,常见,1004.4,2462.245725,4,0.8,T4,63.5,20,0.005,3.245,benthopelagic,,,10,24,17,,早晨活跃,晴间多云、微风；以天气稳定为先,温水,亚洲,躲藏,30,斑点雀鳝,近似种类比,"[""淡水""]",,,,fusiform / normal,,TL,待人工审核,新增鱼种整合：台钓xlsx策划清单第31行；来源学名与FishBase属种精确匹配；规则FISH-INVENTORY-MERGE-R1,recvq6YNcI7lOw,https://pisn3u3ony2.feishu.cn/base/P9rTbUTARaE1GasZp3rctaoungb?table=tblBWCSfMnN13524&view=vewiU8a1wj&record=recvq6YNcI7lOw,2026-09-08,4987,https://app.notion.com/p/3d5a4137d23681a280aecc21d950aa43
大口鲶,Chinese Largemouth Catfish,Silurus Meridionalis,Siluridae,Silurus,,2,常见,1191.8,5843.298398,10.8,8,T5,114.2,90,0.0096,2.96,demersal,,,17,27,22,,夜间活跃,阴天、小雨或低光照；以天气稳定为先,温水,亚洲,孤僻,30,大口黑鲈,近似种类比,"[""淡水""]",,,,elongated,,SL,待人工审核,新增鱼种整合：台钓xlsx美术清单第32行；台钓xlsx策划清单第72行；来源学名与FishBase属种精确匹配；规则FISH-INVENTORY-MERGE-R1,recvq6YNcIlC4j,https://pisn3u3ony2.feishu.cn/base/P9rTbUTARaE1GasZp3rctaoungb?table=tblBWCSfMnN13524&view=vewiU8a1wj&record=recvq6YNcIlC4j,2026-09-08,4987,https://app.notion.com/p/3d5a4137d23681b68198c88c8b541ae9
宝石鲈,Jade Perch,Scortum Barcoo,Terapontidae,Scortum,,2,常见,789.8,1128.793575,3,0.8,T3,35,25,0.0093,3.233,benthopelagic,,,10,30,20,,全天活跃,晴间多云、微风；以天气稳定为先,广温,Oceania: Endemic to Australia.,躲藏,30,金眼狼鲈,近似种类比,"[""淡水""]",,,,fusiform / normal,,SL,待人工审核,新增鱼种整合：台钓xlsx策划清单第28行；来源学名与FishBase属种精确匹配；规则FISH-INVENTORY-MERGE-R1,recvq6YNcIZ7Ch,https://pisn3u3ony2.feishu.cn/base/P9rTbUTARaE1GasZp3rctaoungb?table=tblBWCSfMnN13524&view=vewiU8a1wj&record=recvq6YNcIZ7Ch,2026-09-08,4987,https://app.notion.com/p/3d5a4137d23681b8a432e3c77c25c527
大鳞鲃,Bulatmai Barbel,Luciobarbus Capito,Cyprinidae,Luciobarbus,,2,常见,1168.8,8595.796905,15,1.8,T7,105,65,0.02174,3,benthopelagic,,,11,19,15,"[""杂食性""]",早晨活跃,晴间多云、微风；以天气稳定为先,温水,欧亚大陆,躲藏,30,小体鲟,近似种类比,"[""淡水"",""半咸水""]",,,,elongated,,TL,待人工审核,新增鱼种整合：台钓xlsx美术清单第12行；台钓xlsx策划清单第45行；来源学名与FishBase属种精确匹配；规则FISH-INVENTORY-MERGE-R1,recvq6YNcIw1iu,https://pisn3u3ony2.feishu.cn/base/P9rTbUTARaE1GasZp3rctaoungb?table=tblBWCSfMnN13524&view=vewiU8a1wj&record=recvq6YNcIw1iu,2026-09-08,4987,https://app.notion.com/p/3d5a4137d23681d3a33cc2ab053ae2b3
大鳍𫚪,Largefin Bitterling,Acheilognathus Macropterus,Acheilognathidae,Acheilognathus,,2,常见,1168.5,95.49365029,0.12,0.04,T1,27.5,8,0.0228,3.07,benthopelagic,,,15,25,20,,全天活跃,晴间多云、微风；以天气稳定为先,温水,亚洲,躲藏,30,湖大吻鱥,近似种类比,"[""淡水"",""半咸水""]",,,,fusiform / normal,,SL,待人工审核,新增鱼种整合：台钓xlsx策划清单第4行；来源学名与FishBase属种精确匹配；规则FISH-INVENTORY-MERGE-R1,recvq6YNcIOtJO,https://pisn3u3ony2.feishu.cn/base/P9rTbUTARaE1GasZp3rctaoungb?table=tblBWCSfMnN13524&view=vewiU8a1wj&record=recvq6YNcIOtJO,2026-09-08,4987,https://app.notion.com/p/3d5a4137d23681dabff2fddfabc008cd
唇䱻,Hemibarbus Labeo,Hemibarbus Labeo,Gobionidae,Hemibarbus,,2,常见,789.8,1128.793575,3,1,T3,67,33,0.0076,3,benthopelagic,5,20,11,19,15,,全天活跃,晴间多云、微风；以天气稳定为先,温水,亚洲,活泼,30,金眼狼鲈,近似种类比,"[""淡水""]",potamodromous,,,fusiform / normal,,TL,待人工审核,新增鱼种整合：台钓xlsx策划清单第38行；来源学名与FishBase属种精确匹配；规则FISH-INVENTORY-MERGE-R1,recvq6YNcIoRCW,https://pisn3u3ony2.feishu.cn/base/P9rTbUTARaE1GasZp3rctaoungb?table=tblBWCSfMnN13524&view=vewiU8a1wj&record=recvq6YNcIoRCW,2026-09-08,4987,https://app.notion.com/p/3d5a4137d23681e58223c732193a7480
巨型巴沙,Basa Fish,Pangasius Bocourti,Pangasiidae,Pangasius,,2,常见,876.5,15757.16326,40,8,T9,120,80,0.0146,2.987,benthopelagic,,,20,32,26,"[""杂食性""]",全天活跃,晴间多云、微风；以天气稳定为先,暖水,亚洲,孤僻,30,廓里湖红点鲑,近似种类比,"[""淡水""]",potamodromous,,3.18,fusiform / normal,,SL,待人工审核,新增鱼种整合：台钓xlsx美术清单第14行；台钓xlsx策划清单第71行；来源学名与FishBase属种精确匹配；规则FISH-INVENTORY-MERGE-R1,recvq6YNcItRD3,https://pisn3u3ony2.feishu.cn/base/P9rTbUTARaE1GasZp3rctaoungb?table=tblBWCSfMnN13524&view=vewiU8a1wj&record=recvq6YNcItRD3,2026-09-08,4987,https://app.notion.com/p/3d5a4137d23681ed9c42e19d2859b25e
巴西鲷,Streaked Prochilod,Prochilodus Lineatus,Prochilodontidae,Prochilodus,,2,常见,613.5,2205.818194,7.2,0.6,T5,80,46.2,0.008,3.05,benthopelagic,5,,17,27,22,"[""植食性""]",全天活跃,晴间多云、微风；以天气稳定为先,温水,南美洲,温和,30,东方欧鳊,近似种类比,"[""淡水""]",potamodromous,grazing on aquatic plants,2.18,fusiform / normal,,TL,待人工审核,新增鱼种整合：台钓xlsx策划清单第27行；来源学名与FishBase属种精确匹配；规则FISH-INVENTORY-MERGE-R1,recvq6YNcIZjdG,https://pisn3u3ony2.feishu.cn/base/P9rTbUTARaE1GasZp3rctaoungb?table=tblBWCSfMnN13524&view=vewiU8a1wj&record=recvq6YNcIZjdG,2026-09-08,4987,https://app.notion.com/p/3d5a4137d23681f9a0dfe4870b735a0c
准白甲鱼,Onychostoma Simum,"Onychostoma simum (Sauvage & Dabry de Thiersant, 1874)",Cyprinidae,Onychostoma,,2,常见,789.8,1128.793575,3.5,0.8,T3,41.5,24,0.01,3.18,,,,17,27,22,,早晨活跃,晴间多云、微风；以天气稳定为先,温水,亚洲,躲藏,30,Onychostoma simum,近似种类比,,,,2.6,,traps,,待人工审核,FishBase Onychostoma simum (ID 54868); 准白甲鱼 中文俗名精确匹配; 淡水底栖亚热带,recvq6YNcIrLRm,https://pisn3u3ony2.feishu.cn/base/P9rTbUTARaE1GasZp3rctaoungb?table=tblBWCSfMnN13524&view=vewiU8a1wj&record=recvq6YNcIrLRm,2026-09-08,4987,https://app.notion.com/p/3d5a4137d2368102bf70ce76183336dc
白条鱼,Sharpbelly,Hemiculter Leucisculus,Xenocyprididae,Hemiculter,,2,常见,1168.5,95.49365029,0.232,0.05,T1,29,16.9,0.0055,3.06,benthopelagic,0,10,18,22,20,"[""杂食性""]",早晨活跃,晴间多云、微风；以天气稳定为先,温水,亚洲,躲藏,30,湖大吻鱥,近似种类比,"[""淡水"",""半咸水""]",,variable,2.75,fusiform / normal,,TL,待人工审核,新增鱼种整合：台钓xlsx美术清单第37行；台钓xlsx策划清单第6行；来源学名与FishBase属种精确匹配；规则FISH-INVENTORY-MERGE-R1,recvq6YNcIs3Nd,https://pisn3u3ony2.feishu.cn/base/P9rTbUTARaE1GasZp3rctaoungb?table=tblBWCSfMnN13524&view=vewiU8a1wj&record=recvq6YNcIs3Nd,2026-09-08,4987,https://app.notion.com/p/3d5a4137d2368108aaa8e9b524965869
金眼鱼,Goldeye,Hiodon Alosoides,Hiodontidae,Hiodon,,2,常见,1227.4,1203.56357,1.72,0.7,T2,52,31,0.0161,2.844,pelagic,,,11,19,15,"[""肉食性""]",夜间活跃,阴天、小雨或低光照；以天气稳定为先,温水,北美洲,活泼,30,拉多加白鲑,近似种类比,"[""淡水""]",potamodromous,,3.19,fusiform / normal,,FL,待人工审核,新增鱼种整合：美术资源总表152-173第164行；鱼类需求第23行；来源学名与FishBase属种精确匹配；规则FISH-INVENTORY-MERGE-R1,recvq6YNcI6UhU,https://pisn3u3ony2.feishu.cn/base/P9rTbUTARaE1GasZp3rctaoungb?table=tblBWCSfMnN13524&view=vewiU8a1wj&record=recvq6YNcI6UhU,2026-09-08,4987,https://app.notion.com/p/3d5a4137d2368113aa7cec4243987cb4
俄罗斯鲟,Russian Sturgeon,Acipenser Gueldenstaedtii,Acipenseridae,Acipenser,,1,普通,593.3,24240.84676,115,20,T12,236,145,0.0039,3.0559,demersal,2,100,10,20,15,"[""肉食性""]",晨昏活跃,多云、小雨或微风；避免强烈正午光照,温水,欧亚大陆,孤僻,30,俄罗斯鲟,同物种,"[""淡水"",""半咸水"",""海水""]",anadromous,hunting macrofauna (predator),3.32,elongated,,TL,待人工审核,新增鱼种整合：台钓xlsx美术清单第17行；台钓xlsx策划清单第81行；来源学名与FishBase属种精确匹配；规则FISH-INVENTORY-MERGE-R1,recvq6YNcIwdwg,https://pisn3u3ony2.feishu.cn/base/P9rTbUTARaE1GasZp3rctaoungb?table=tblBWCSfMnN13524&view=vewiU8a1wj&record=recvq6YNcIwdwg,2026-09-08,4987,https://app.notion.com/p/3d5a4137d236812d9b7df1c6c1c1c33c
印度鲮,Mrigal Carp,Cirrhinus Mrigala,Cyprinidae,Cirrhinus,,2,常见,876.1,5369.308741,12.7,1,T6,99,35,0.0149,2.921,demersal,,,20,32,26,,早晨活跃,晴间多云、微风；以天气稳定为先,温水,亚洲,躲藏,30,花羔红点斑鲑,近似种类比,"[""淡水""]",,,,elongated,,TL,待人工审核,新增鱼种整合：台钓xlsx美术清单第24行；台钓xlsx策划清单第37行；来源学名与FishBase属种精确匹配；规则FISH-INVENTORY-MERGE-R1,recvq6YNcIULip,https://pisn3u3ony2.feishu.cn/base/P9rTbUTARaE1GasZp3rctaoungb?table=tblBWCSfMnN13524&view=vewiU8a1wj&record=recvq6YNcIULip,2026-09-08,4987,https://app.notion.com/p/3d5a4137d23681428fcee0b6e24a0f02
哲罗鲑,Siberian Taimen,Hucho Taimen,Salmonidae,Hucho,,1,普通,269.5,11011.13804,105,12,T12,200,100,0.002,3.3449,benthopelagic,,,11,19,15,"[""肉食性""]",晨昏活跃,多云、小雨或微风；避免强烈正午光照,温水,欧亚大陆,追猎,150,哲罗鱼,同物种,"[""淡水"",""半咸水""]",potamodromous,hunting macrofauna (predator),4.46,fusiform / normal,,SL,待人工审核,新增鱼种整合：台钓xlsx美术清单第15行；台钓xlsx策划清单第73行；来源学名与FishBase属种精确匹配；规则FISH-INVENTORY-MERGE-R1,recvq6YNcINYhI,https://pisn3u3ony2.feishu.cn/base/P9rTbUTARaE1GasZp3rctaoungb?table=tblBWCSfMnN13524&view=vewiU8a1wj&record=recvq6YNcINYhI,2026-09-08,4987,https://app.notion.com/p/3d5a4137d2368152a1eaf5b7d640a8e8
六须鲶,Soldatov's Catfish,Silurus Soldatovi,Siluridae,Silurus,,2,常见,876.5,15757.16326,40,12,T9,400,100,0.00562,3,demersal,,,5,25,15,"[""肉食性""]",夜间活跃,阴天、小雨或低光照；以天气稳定为先,广温,亚洲,孤僻,30,廓里湖红点鲑,近似种类比,"[""淡水""]",non-migratory,,4.5,elongated,,TL,待人工审核,新增鱼种整合：台钓xlsx策划清单第77行；来源学名与FishBase属种精确匹配；规则FISH-INVENTORY-MERGE-R1,recvq6YNcI2GbT,https://pisn3u3ony2.feishu.cn/base/P9rTbUTARaE1GasZp3rctaoungb?table=tblBWCSfMnN13524&view=vewiU8a1wj&record=recvq6YNcI2GbT,2026-09-08,4987,https://app.notion.com/p/3d5a4137d2368154b349fe46850ecb3e
黑鼓鱼,Black Drum,Pogonias Cromis,Sciaenidae,Pogonias,,1,普通,204.9,5023.040115,51.28,,T11,170,50,0.01858,2.899,demersal,10,,18.5,28.5,23.5,"[""肉食性""]",晨昏活跃,多云、小雨或微风；避免强烈正午光照,温水,西大西洋,孤僻,13,鳙鱼,近似种类比,"[""半咸水"",""海水""]",oceanodromous,hunting macrofauna (predator),3.38,fusiform / normal,seines,TL,待人工审核,新增鱼种整合：美术资源总表152-173第173行；鱼类需求第32行；来源英文名与FishBase唯一精确匹配；规则FISH-INVENTORY-MERGE-R1,recvq6YNcIGHfu,https://pisn3u3ony2.feishu.cn/base/P9rTbUTARaE1GasZp3rctaoungb?table=tblBWCSfMnN13524&view=vewiU8a1wj&record=recvq6YNcIGHfu,2026-09-08,4987,https://app.notion.com/p/3d5a4137d2368181a8bed66e6b77b4fd
中华倒刺鲃,Spinibarbus Sinensis,Spinibarbus Sinensis,Cyprinidae,Spinibarbus,,2,常见,1103.2,1442.382073,2.85,1.2,T3,61,35,0.00782,3.152,benthopelagic,,,17,27,22,"[""杂食性""]",早晨活跃,晴间多云、微风；以天气稳定为先,温水,亚洲,躲藏,30,黑斑刺盖太阳鱼,近似种类比,"[""淡水""]",,variable,2.63,elongated,,TL,待人工审核,新增鱼种整合：台钓xlsx美术清单第22行；台钓xlsx策划清单第39行；来源学名与FishBase属种精确匹配；规则FISH-INVENTORY-MERGE-R1,recvq6YNcIpdRI,https://pisn3u3ony2.feishu.cn/base/P9rTbUTARaE1GasZp3rctaoungb?table=tblBWCSfMnN13524&view=vewiU8a1wj&record=recvq6YNcIpdRI,2026-09-08,4987,https://app.notion.com/p/3d5a4137d236818a8fbed68abd8ddaea
金鲫,Crucian Carp,Carassius Carassius,Cyprinidae,Carassius,,1,普通,292.5,430.2322732,3,,T3,64,15,0.0079,3.24,demersal,5,20,2,22,12,"[""肉食性""]",早晨活跃,晴间多云、微风；以天气稳定为先,广温,欧亚大陆,撕鳍,30,金鲫,同物种,"[""淡水"",""半咸水""]",potamodromous,hunting macrofauna (predator),3.11,fusiform / normal,seines,TL,待人工审核,新增鱼种整合：美术资源总表152-173第155行；鱼类需求第14行；来源学名与FishBase属种精确匹配；规则FISH-INVENTORY-MERGE-R1,recvq6YNcI0jrY,https://pisn3u3ony2.feishu.cn/base/P9rTbUTARaE1GasZp3rctaoungb?table=tblBWCSfMnN13524&view=vewiU8a1wj&record=recvq6YNcI0jrY,2026-09-08,4987,https://app.notion.com/p/3d5a4137d236818c871bd139ab07fa45
赤稍雅罗鱼,Asp,Leuciscus Aspius,Leuciscidae,Leuciscus,,2,常见,839.3,5486.692785,9,,T6,120,55,0.004,3.187,benthopelagic,10,,4,20,12,"[""肉食性""]",早晨活跃,晴间多云、微风；以天气稳定为先,冷水,欧亚大陆,追猎,30,赤梢鱼,同物种,"[""淡水"",""半咸水""]",potamodromous,hunting macrofauna (predator),4.47,fusiform / normal,,TL,待人工审核,新增鱼种整合：美术资源总表152-173第157行；鱼类需求第16行；来源学名与FishBase属种精确匹配；规则FISH-INVENTORY-MERGE-R1,recvq6YNcIViHN,https://pisn3u3ony2.feishu.cn/base/P9rTbUTARaE1GasZp3rctaoungb?table=tblBWCSfMnN13524&view=vewiU8a1wj&record=recvq6YNcIViHN,2026-09-08,4987,https://app.notion.com/p/3d5a4137d23681a5b705c21b61988a29
黑线鳕,Haddock,Melanogrammus Aeglefinus,Gadidae,Melanogrammus,,1,普通,515.4,4632.767793,16.8,1.4,T7,112,35,0.0047,3.1862,demersal,10,450,6.4,10.4,8.4,"[""肉食性""]",全天活跃,晴间多云、微风；以天气稳定为先,冷水,Northeast Atlantic: Bay of Biscay to Spitzbergen; in the Barents Sea to Novaya Zemlya; around Iceland; rare at the southern Greenland.,追猎,13,黑线鳕,同物种,"[""海水""]",oceanodromous,hunting macrofauna (predator),4.03,fusiform / normal,trawls,TL,待人工审核,新增鱼种整合：美术资源总表152-173第163行；鱼类需求第22行；来源学名与FishBase属种精确匹配；规则FISH-INVENTORY-MERGE-R1,recvq6YNcItX2T,https://pisn3u3ony2.feishu.cn/base/P9rTbUTARaE1GasZp3rctaoungb?table=tblBWCSfMnN13524&view=vewiU8a1wj&record=recvq6YNcItX2T,2026-09-08,4987,https://app.notion.com/p/3d5a4137d23681d2a039d81293d23a5b
光倒刺鲃,Spinibarbus Hollandi,Spinibarbus Hollandi,Cyprinidae,Spinibarbus,,2,常见,968.5,151.0299759,0.312,1.5,T1,34,40,0.014,2.924,benthopelagic,2,30,17,27,22,"[""肉食性""]",早晨活跃,晴间多云、微风；以天气稳定为先,温水,亚洲,躲藏,30,青蛙,近似种类比,"[""淡水""]",,,,Elongated,,TL,待人工审核,新增鱼种整合：台钓xlsx美术清单第11行；台钓xlsx策划清单第42行；来源学名与FishBase属种精确匹配；规则FISH-INVENTORY-MERGE-R1,recvq6YNcIPWKl,https://pisn3u3ony2.feishu.cn/base/P9rTbUTARaE1GasZp3rctaoungb?table=tblBWCSfMnN13524&view=vewiU8a1wj&record=recvq6YNcIPWKl,2026-09-08,4987,https://app.notion.com/p/3d5a4137d23681d5bc77c22576118cc0
鼠鲨,Porbeagle,Lamna Nasus,Lamnidae,Lamna,,2,常见,838.4,95914.16244,230,135,T13,350,244,0.0148,2.964,pelagic-oceanic,0,1360,-1,23,11,"[""肉食性""]",全天活跃,晴间多云、微风；以天气稳定为先,温水,"全球海域, amphitemperature with centers of distribution in the 北大西洋 and temperate water of the southern hemisphere; not in equatorial seas.",追猎,30,鼠鲨,同物种,"[""海水""]",oceanodromous,hunting macrofauna (predator),4.57,fusiform / normal,seines,TL,待人工审核,新增鱼种整合：美术资源总表152-173第172行；鱼类需求第31行；来源学名与FishBase属种精确匹配；规则FISH-INVENTORY-MERGE-R1,recvq6YNcIUKhd,https://pisn3u3ony2.feishu.cn/base/P9rTbUTARaE1GasZp3rctaoungb?table=tblBWCSfMnN13524&view=vewiU8a1wj&record=recvq6YNcIUKhd,2026-09-08,4987,https://app.notion.com/p/3d5a4137d23681dc8277fd4cb7e2fcd7
银鲫,Prussian Carp,Carassius Gibelio,Cyprinidae,Carassius,,1,普通,272.5,423.0788471,3,,T3,46.6,20,0.0107,3.183,benthopelagic,0,,10,20,15,"[""植食性""]",早晨活跃,晴间多云、微风；以天气稳定为先,温水,欧亚大陆,温和,30,银鲫,同物种,"[""淡水"",""半咸水""]",potamodromous,grazing on aquatic plants,2.47,fusiform / normal,,TL,待人工审核,新增鱼种整合：美术资源总表152-173第160行；鱼类需求第20行；来源学名与FishBase属种精确匹配；规则FISH-INVENTORY-MERGE-R1,recvq6YNcI5zDu,https://pisn3u3ony2.feishu.cn/base/P9rTbUTARaE1GasZp3rctaoungb?table=tblBWCSfMnN13524&view=vewiU8a1wj&record=recvq6YNcI5zDu,2026-09-08,4987,https://app.notion.com/p/3d5a4137d23681e9b074e6299b8885e6
大西洋大比目鱼,Atlantic Halibut,Hippoglossus Hippoglossus,Pleuronectidae,Hippoglossus,,1,普通,361.6,44322.38422,320,12.5,T14,470,150,0.0026,3.3322,demersal,50,2000,2.4,4.4,3.4,"[""肉食性""]",全天活跃,晴间多云、微风；以天气稳定为先,温水,北大西洋,追猎,150,庸鲽,同物种,"[""海水""]",oceanodromous,hunting macrofauna (predator),4,fusiform / normal,hooks and lines,TL,待人工审核,新增鱼种整合：美术资源总表152-173第166行；鱼类需求第25行；来源学名与FishBase属种精确匹配；规则FISH-INVENTORY-MERGE-R1,recvq6YNcIUhsG,https://pisn3u3ony2.feishu.cn/base/P9rTbUTARaE1GasZp3rctaoungb?table=tblBWCSfMnN13524&view=vewiU8a1wj&record=recvq6YNcIUhsG,2026-09-08,4987,https://app.notion.com/p/3d5a4137d236811a912dec42f503a38f
海七鳃鳗,Petromyzon Marinus,Petromyzon Marinus,Petromyzontidae,Petromyzon,,3,稀有,1868.4,2290.153282,2.5,1,T3,120,60,0.00208,3,demersal,1,4099,0.6,20,10.3,"[""肉食性""]",夜间活跃,阴天、小雨或低光照；以天气稳定为先,广温,西大西洋,追猎,70,文鳊,近似种类比,"[""淡水"",""半咸水"",""海水""]",anadromous,hunting macrofauna (predator),4.37,eel-like,,TL,待人工审核,新增鱼种整合：美术资源总表152-173第152行；鱼类需求第11行；来源学名与FishBase属种精确匹配；规则FISH-INVENTORY-MERGE-R1,recvq6YNcIURTm,https://pisn3u3ony2.feishu.cn/base/P9rTbUTARaE1GasZp3rctaoungb?table=tblBWCSfMnN13524&view=vewiU8a1wj&record=recvq6YNcIURTm,2026-09-08,4987,https://app.notion.com/p/3d5a4137d236811fad88d8baec948db1
大西洋鲱鱼,Atlantic Herringy,Clupea Harengus,Clupeidae,Clupea,,4,珍稀,10225.2,6684.483851,1.05,1.1,T2,45,30,0.00268,3.5,benthopelagic,0,364,1,18,9.5,"[""滤食性""]",全天活跃,晴间多云、微风；以天气稳定为先,冷水,北大西洋,活泼,13,大西洋鲱,同物种,"[""半咸水"",""海水""]",oceanodromous,selective plankton feeding,3.38,fusiform / normal,seines,SL,待人工审核,新增鱼种整合：美术资源总表152-173第168行；鱼类需求第27行；来源学名与FishBase属种精确匹配；规则FISH-INVENTORY-MERGE-R1,recvq6YNcIxqFV,https://pisn3u3ony2.feishu.cn/base/P9rTbUTARaE1GasZp3rctaoungb?table=tblBWCSfMnN13524&view=vewiU8a1wj&record=recvq6YNcIxqFV,2026-09-08,4987,https://app.notion.com/p/3d5a4137d236812480e6e5b51a033b52
黑口红点鲑,Blackmouth Salmon,Salvelinus Confluentus,Salmonidae,Salvelinus,,4,珍稀,12250,30030.37648,14.51,1,T4,103,62.5,0.01367,3,benthopelagic,,,11,19,15,"[""肉食性""]",晨昏活跃,多云、小雨或微风；避免强烈正午光照,冷水,"Coastal and mountain streams of Arctic, Pacific, and Missouri River drainages from extreme southern Yukon in Canada to headwaters of Columbia River drainage in northern Nevada, USA",追猎,150,黑口红点鲑,同物种,"[""淡水"",""半咸水""]",,,3.72,fusiform / normal,,TL,待人工审核,新增鱼种整合：玩法提单-鱼第20行；来源学名与FishBase属种精确匹配；规则FISH-INVENTORY-MERGE-R1,recvq6YNcIQCn3,https://pisn3u3ony2.feishu.cn/base/P9rTbUTARaE1GasZp3rctaoungb?table=tblBWCSfMnN13524&view=vewiU8a1wj&record=recvq6YNcIQCn3,2026-09-08,4987,https://app.notion.com/p/3d5a4137d23681259de9f0b8807e14b8
虎纹鳟鱼,Tiger Trout,Salmo Trutta × Salvelinus Fontinalis,Salmonidae,Salmo,,4,珍稀,4382.8,46558.44197,24.2,,T8,125,84,0.0198,3,reef-associated,4,100,18,24,21,"[""肉食性""]",晨昏活跃,多云、小雨或微风；避免强烈正午光照,暖水,印度—太平洋,追猎,150,小齿狼鱼,近似种类比,"[""海水""]",,hunting macrofauna (predator),4.14,fusiform / normal,various gears,TL,待人工审核,新增鱼种整合：美术资源总表152-173第171行；鱼类需求第30行；来源英文名与FishBase唯一精确匹配；规则FISH-INVENTORY-MERGE-R1,recvq6YNcIxdGw,https://pisn3u3ony2.feishu.cn/base/P9rTbUTARaE1GasZp3rctaoungb?table=tblBWCSfMnN13524&view=vewiU8a1wj&record=recvq6YNcIxdGw,2026-09-08,4987,https://app.notion.com/p/3d5a4137d236814d87fffe6b47fc7eb0
绿青鳕,Pollachius Virens,Pollachius Virens,Gadidae,Pollachius,,1,普通,241,3741.744052,32,,T9,130,60,0.0077,3.0455,demersal,37,364,5,9,7,"[""肉食性""]",全天活跃,晴间多云、微风；以天气稳定为先,温水,西大西洋,追猎,13,绿青鳕,同物种,"[""海水""]",oceanodromous,hunting macrofauna (predator),4.31,fusiform / normal,seines,TL,待人工审核,新增鱼种整合：美术资源总表152-173第165行；鱼类需求第24行；来源学名与FishBase属种精确匹配；规则FISH-INVENTORY-MERGE-R1,recvq6YNcIQa4t,https://pisn3u3ony2.feishu.cn/base/P9rTbUTARaE1GasZp3rctaoungb?table=tblBWCSfMnN13524&view=vewiU8a1wj&record=recvq6YNcIQa4t,2026-09-08,4987,https://app.notion.com/p/3d5a4137d2368168b867ed81f1c0b3ef
鳞鲤(白化),Albino Scale Carp,Cyprinus Carpio Var. Albino,Cyprinidae,Cyprinus,,1,普通,192.7,3149.308053,5,1.5,T9,80,35,0.0173,2.993,,0,29,3,35,19,,早晨活跃,晴间多云、微风；以天气稳定为先,温水,欧亚大陆,活泼,16.08,普通鲤鱼,同物种,,,,,,,,待人工审核,新增鱼种整合：玩法提单-鱼第24行；未取得FishBase唯一匹配，保留来源字段；规则FISH-INVENTORY-MERGE-R1,recvq6YNcIcoaF,https://pisn3u3ony2.feishu.cn/base/P9rTbUTARaE1GasZp3rctaoungb?table=tblBWCSfMnN13524&view=vewiU8a1wj&record=recvq6YNcIcoaF,2026-09-08,4987,https://app.notion.com/p/3d5a4137d23681699c43ef66bc4f8e2d
牛头鲦,Bullhead Minnow,Pimephales Vigilax,Leuciscidae,Pimephales,,2,常见,1168.5,38.06234779,,,T1,9.2,5.7,0.0069,3.187,demersal,,,17,27,22,"[""肉食性""]",早晨活跃,晴间多云、微风；以天气稳定为先,温水,北美洲,躲藏,30,黑尾叉牙七鳃鳗,近似种类比,"[""淡水""]",,,,elongated,,TL,待人工审核,新增鱼种整合：美术资源总表152-173第159行；鱼类需求第18行；来源学名与FishBase属种精确匹配；规则FISH-INVENTORY-MERGE-R1,recvq6YNcIyeHV,https://pisn3u3ony2.feishu.cn/base/P9rTbUTARaE1GasZp3rctaoungb?table=tblBWCSfMnN13524&view=vewiU8a1wj&record=recvq6YNcIyeHV,2026-09-08,4987,https://app.notion.com/p/3d5a4137d2368181b025db5c004125ac
女巫鲽,Witch Flounder,Glyptocephalus Cynoglossus,Pleuronectidae,Glyptocephalus,,3,稀有,1868.4,2290.153282,2.5,,T3,60,30,0.0032,3.1895,demersal,18,1570,2,6,4,"[""肉食性""]",全天活跃,晴间多云、微风；以天气稳定为先,冷水,北大西洋,孤僻,70,文鳊,近似种类比,"[""海水""]",oceanodromous,hunting macrofauna (predator),3.17,short and / or deep,seines,SL,待人工审核,新增鱼种整合：美术资源总表152-173第167行；鱼类需求第26行；来源学名与FishBase属种精确匹配；规则FISH-INVENTORY-MERGE-R1,recvq6YNcI0x5F,https://pisn3u3ony2.feishu.cn/base/P9rTbUTARaE1GasZp3rctaoungb?table=tblBWCSfMnN13524&view=vewiU8a1wj&record=recvq6YNcI0x5F,2026-09-08,4987,https://app.notion.com/p/3d5a4137d23681879592f435cf23d02e
彩虹镖鲈,Rainbow Darter,Etheostoma Caeruleum,Percidae,Etheostoma,,2,常见,1168.5,38.06234779,,,T1,7.7,5.3,0.0114,3.03,benthopelagic,,,4,18,11,"[""肉食性""]",晨昏活跃,多云、小雨或微风；避免强烈正午光照,冷水,北美洲,孤僻,30,黑尾叉牙七鳃鳗,近似种类比,"[""淡水""]",,hunting macrofauna (predator),3.3,elongated,,TL,待人工审核,新增鱼种整合：美术资源总表152-173第161行；鱼类需求第19行；来源学名与FishBase属种精确匹配；规则FISH-INVENTORY-MERGE-R1,recvq6YNcIzusj,https://pisn3u3ony2.feishu.cn/base/P9rTbUTARaE1GasZp3rctaoungb?table=tblBWCSfMnN13524&view=vewiU8a1wj&record=recvq6YNcIzusj,2026-09-08,4987,https://app.notion.com/p/3d5a4137d23681bdb547ea2d3c1e61a9
欧鲢,Common Chub,Squalius Cephalus,Leuciscidae,Squalius,,2,常见,951.4,3498.477573,8,,T5,60,30,0.0123,3.23,benthopelagic,0,,4,20,12,"[""杂食性""]",早晨活跃,晴间多云、微风；以天气稳定为先,冷水,欧亚大陆,活泼,30,驼背白鲑,近似种类比,"[""淡水"",""半咸水""]",potamodromous,variable,2.73,fusiform / normal,,SL,待人工审核,新增鱼种整合：美术资源总表152-173第156行；鱼类需求第15行；来源学名与FishBase属种精确匹配；规则FISH-INVENTORY-MERGE-R1,recvq6YNcIsFRn,https://pisn3u3ony2.feishu.cn/base/P9rTbUTARaE1GasZp3rctaoungb?table=tblBWCSfMnN13524&view=vewiU8a1wj&record=recvq6YNcIsFRn,2026-09-08,4987,https://app.notion.com/p/3d5a4137d23681c3924efe5c0e8d0841
大西洋鳕鱼,Atlantic Cod,Gadus Morhua,Gadidae,Gadus,,1,普通,280.5,11460.57225,96,,T12,200,100,0.0068,3.101,benthopelagic,0,600,0,15,7.5,"[""肉食性""]",全天活跃,晴间多云、微风；以天气稳定为先,冷水,北大西洋 and Arctic,追猎,30,大西洋鳕,同物种,"[""半咸水"",""海水""]",oceanodromous,hunting macrofauna (predator),4.09,fusiform / normal,trawls,TL,待人工审核,新增鱼种整合：美术资源总表152-173第162行；鱼类需求第21行；来源学名与FishBase属种精确匹配；规则FISH-INVENTORY-MERGE-R1,recvq6YNcI7jPP,https://pisn3u3ony2.feishu.cn/base/P9rTbUTARaE1GasZp3rctaoungb?table=tblBWCSfMnN13524&view=vewiU8a1wj&record=recvq6YNcI7jPP,2026-09-08,4987,https://app.notion.com/p/3d5a4137d23681c596abd90efa95ba83
虎纹梭鱼,Tiger Muskellunge,E. Lucius × E. Masquinongy,Esocidae,E.,,2,常见,968.5,151.0299759,,,T1,,48,0.0146,3.0144,,,,10,24,17,"[""肉食性""]",早晨活跃,晴间多云、微风；以天气稳定为先,温水,亚洲,活泼,30,青蛙,近似种类比,,,,,,,,待人工审核,新增鱼种整合：美术资源总表152-173第170行；鱼类需求第29行；未取得FishBase唯一匹配，保留来源字段；规则FISH-INVENTORY-MERGE-R1,recvq6YNcIAedj,https://pisn3u3ony2.feishu.cn/base/P9rTbUTARaE1GasZp3rctaoungb?table=tblBWCSfMnN13524&view=vewiU8a1wj&record=recvq6YNcIAedj,2026-09-08,4987,https://app.notion.com/p/3d5a4137d23681cb9580fda3ad3bfea1
湖红点鲑,Lake Trout,Salvelinus Namaycush,Salmonidae,Salvelinus,,4,珍稀,3272,66843.1237,32.65,,T10,150,50,0.00906,2.997,benthopelagic,3,61,4,13,8.5,"[""肉食性""]",晨昏活跃,多云、小雨或微风；避免强烈正午光照,冷水,北美洲,追猎,150,圆点五色锦鲤,近似种类比,"[""淡水""]",non-migratory,hunting macrofauna (predator),4.29,fusiform / normal,seines,TL,待人工审核,新增鱼种整合：美术资源总表152-173第158行；鱼类需求第17行；来源学名与FishBase属种精确匹配；规则FISH-INVENTORY-MERGE-R1,recvq6YNcI2VjG,https://pisn3u3ony2.feishu.cn/base/P9rTbUTARaE1GasZp3rctaoungb?table=tblBWCSfMnN13524&view=vewiU8a1wj&record=recvq6YNcI2VjG,2026-09-08,4987,https://app.notion.com/p/3d5a4137d23681d7b546d824cfad595f
毛鳞鱼,Capelin,Mallotus Villosus,Osmeridae,Mallotus,,1,普通,527.1,30.68834536,0.052,,T1,20,15,0.00408,3.213,pelagic-oceanic,0,725,1.7,3.7,2.7,"[""滤食性""]",全天活跃,晴间多云、微风；以天气稳定为先,冷水,北半球环极地区,温和,13,乌克兰七鳃鳗,近似种类比,"[""淡水"",""半咸水"",""海水""]",anadromous,selective plankton feeding,3.15,elongated,seines,TL,待人工审核,新增鱼种整合：美术资源总表152-173第169行；鱼类需求第28行；来源学名与FishBase属种精确匹配；规则FISH-INVENTORY-MERGE-R1,recvq6YNcI6qP9,https://pisn3u3ony2.feishu.cn/base/P9rTbUTARaE1GasZp3rctaoungb?table=tblBWCSfMnN13524&view=vewiU8a1wj&record=recvq6YNcI6qP9,2026-09-08,4987,https://app.notion.com/p/3d5a4137d23681f3b98fd8e1798e298a
加拿大梭鲈,Sauger,Sander Canadensis,Percidae,Sander,可用,2,常见,1191.8,2921.649199,3.96,1.35,T4,76,35.8,0.00925,3.058,demersal,5,,19.1,31.1,25.1,"[""肉食性""]",夜间活跃,阴天、小雨或低光照；以天气稳定为先,温水,北美洲,追猎,30,小口黑鲈,近似种类比,"[""淡水""]",,hunting macrofauna (predator),4.06,elongated,seines,TL,待人工审核,去除资产备注后与 FishBase 中文俗名精确匹配,recvppgBfWAAVu,https://pisn3u3ony2.feishu.cn/base/P9rTbUTARaE1GasZp3rctaoungb?table=tblBWCSfMnN13524&view=vewiU8a1wj&record=recvppgBfWAAVu,2026-09-08,4987,https://app.notion.com/p/3d5a4137d2368104b77fe665ed766a59
淡水石首鱼,Freshwater Drum,Aplodinotus Grunniens,Sciaenidae,Aplodinotus,可用,1,普通,420.6,4639.877025,24.72,6.07,T8,95,45,0.0089,3.08,demersal,30,27,21.4,33.4,27.4,"[""肉食性""]",晨昏活跃,多云、小雨或微风；避免强烈正午光照,,北美洲与中美洲,孤僻,30,淡水石首鱼,同物种,"[""淡水""]",,hunting macrofauna (predator),3.36,fusiform / normal,,TL,待人工审核,FishBase 中文俗名精确匹配,recvppgBfWJcAj,https://pisn3u3ony2.feishu.cn/base/P9rTbUTARaE1GasZp3rctaoungb?table=tblBWCSfMnN13524&view=vewiU8a1wj&record=recvppgBfWJcAj,2026-09-08,4987,https://app.notion.com/p/3d5a4137d23681088cabc17d5d25ac95
斑点叉尾鮰,Channel Catfish,Ictalurus Punctatus,Ictaluridae,Ictalurus,可用,3,稀有,1553.6,17773.40682,26.3,6.3,T8,132,57,0.00539,3.133,demersal,,15,10,31.6,20.8,"[""杂食性""]",夜间活跃,阴天、小雨或低光照；以天气稳定为先,广温,北美洲,孤僻,21.33,斑点叉尾鮰,同物种,"[""淡水""]",,variable,4.16,fusiform / normal,seines,TL,待人工审核,FishBase 中文俗名精确匹配,recvppgBfWmWs0,https://pisn3u3ony2.feishu.cn/base/P9rTbUTARaE1GasZp3rctaoungb?table=tblBWCSfMnN13524&view=vewiU8a1wj&record=recvppgBfWmWs0,2026-09-08,4987,https://app.notion.com/p/3d5a4137d2368112ba59fda360613c36
黄鲈,Yellow Perch,Perca Flavescens,Percidae,Perca,可用,2,常见,1227.4,1203.56357,1.91,0.53,T2,50,19.1,0.01,3.08,benthopelagic,0,56,0,29.7,14.85,"[""肉食性""]",晨昏活跃,多云、小雨或微风；避免强烈正午光照,温水,北美洲,追猎,30,拉多加白鲑,近似种类比,"[""淡水"",""半咸水""]",,hunting macrofauna (predator),3.67,fusiform / normal,seines,TL,待人工审核,Yellow perch 中文通名；FishBase 接受种核验,recvppgBfW5pTn,https://pisn3u3ony2.feishu.cn/base/P9rTbUTARaE1GasZp3rctaoungb?table=tblBWCSfMnN13524&view=vewiU8a1wj&record=recvppgBfW5pTn,2026-09-08,4987,https://app.notion.com/p/3d5a4137d23681159410e9e26a24d635
蓝鳃太阳鱼,Bluegill Sunfish,Lepomis Macrochirus,Centrarchidae,Lepomis,可用,1,普通,529.4,519.1189132,2.15,0.53,T2,41,19,0.0068,3.364,benthopelagic,,,1,36,18.5,"[""肉食性""]",晨昏活跃,多云、小雨或微风；避免强烈正午光照,广温,北美洲,孤僻,30,蓝鳃太阳鱼,同物种,"[""淡水""]",,hunting macrofauna (predator),3.24,short and / or deep,,TL,待人工审核,FishBase 中文俗名精确匹配,recvppgBfWdXkn,https://pisn3u3ony2.feishu.cn/base/P9rTbUTARaE1GasZp3rctaoungb?table=tblBWCSfMnN13524&view=vewiU8a1wj&record=recvppgBfWdXkn,2026-09-08,4987,https://app.notion.com/p/3d5a4137d236811e949ce1bbc4ae5667
白金火箭,White Alligator Gar,Atractosteus Spatula,Lepisosteidae,Atractosteus,可用,2,常见,1252.2,71626.73796,137,31.5,T12,305,200,0.00963,3,demersal,0,,17,27,22,"[""肉食性""]",晨昏活跃,多云、小雨或微风；避免强烈正午光照,温水,北美洲,孤僻,30,鳄雀鳝,近似种类比,"[""淡水"",""半咸水""]",,hunting macrofauna (predator),4.02,elongated,gillnets,OT,待人工审核,鳄雀鳝白金色型，按括号标注的原型物种归并,recvppgBfWN4vR,https://pisn3u3ony2.feishu.cn/base/P9rTbUTARaE1GasZp3rctaoungb?table=tblBWCSfMnN13524&view=vewiU8a1wj&record=recvppgBfWN4vR,2026-09-08,4987,https://app.notion.com/p/3d5a4137d2368125b1e0cc327c3bf48a
美鱥,Common Shiner,Notemigonus Crysoleucas,Leuciscidae,Notemigonus,可用,2,常见,968.5,151.0299759,,0.08,T1,32,14.4,0.0054,3.216,demersal,10,,0,34.7,17.35,"[""杂食性""]",早晨活跃,晴间多云、微风；以天气稳定为先,温水,北美洲,躲藏,30,青蛙,近似种类比,"[""淡水"",""半咸水""]",,variable,2.65,fusiform / normal,,TL,待人工审核,中文规范名/学术资料与 FishBase 接受种核验,recvppgBfWcwV0,https://pisn3u3ony2.feishu.cn/base/P9rTbUTARaE1GasZp3rctaoungb?table=tblBWCSfMnN13524&view=vewiU8a1wj&record=recvppgBfWcwV0,2026-09-08,4987,https://app.notion.com/p/3d5a4137d2368127ac8fe8b63b511b57
鸭嘴鲟,American Paddlefish,Polyodon Spathula,Polyodontidae,Polyodon,可用,2,常见,946.7,46415.93047,90.719,27,T12,221,119.8,0.00045,3.464,demersal,2,,10,18,14,"[""滤食性""]",全天活跃,晴间多云、微风；以天气稳定为先,冷水,北美洲,温和,30,拉多加鲟,近似种类比,"[""淡水""]",potamodromous,filtering plankton,3.1,elongated,seines,TL,待人工审核,中国百科/渔业资料别名与 FishBase 接受种核验,recvppgBfWV4up,https://pisn3u3ony2.feishu.cn/base/P9rTbUTARaE1GasZp3rctaoungb?table=tblBWCSfMnN13524&view=vewiU8a1wj&record=recvppgBfWV4up,2026-09-08,4987,https://app.notion.com/p/3d5a4137d236812d948cf0068e25f3d6
迷人真小鲤,Blacktail Shiner,Cyprinella Venusta,Leuciscidae,Cyprinella,可用,2,常见,1168.5,38.06234779,,0.01,T1,19,,0.0141,2.72,benthopelagic,,,17,27,22,"[""肉食性""]",早晨活跃,晴间多云、微风；以天气稳定为先,温水,北美洲,撕鳍,30,黑尾叉牙七鳃鳗,近似种类比,"[""淡水""]",,,3.2,fusiform / normal,,TL,待人工审核,项目译名对应 Blacktail shiner；FishBase 接受种核验,recvppgBfWTESZ,https://pisn3u3ony2.feishu.cn/base/P9rTbUTARaE1GasZp3rctaoungb?table=tblBWCSfMnN13524&view=vewiU8a1wj&record=recvppgBfWTESZ,2026-09-08,4987,https://app.notion.com/p/3d5a4137d23681308307de7de53fdca3
美洲锐唇鲷,Chiselmouth,Gila Alutacea,Leuciscidae,Gila,可用,2,常见,968.5,151.0299759,,0.08,T1,30,17.5,0.01279,3,demersal,,,11,19,15,"[""植食性""]",早晨活跃,晴间多云、微风；以天气稳定为先,温水,北美洲,温和,30,青蛙,近似种类比,"[""淡水""]",,grazing on aquatic plants,2.13,fusiform / normal,,TL,待人工审核,FishBase 中文俗名精确匹配,recvppgBfW1di5,https://pisn3u3ony2.feishu.cn/base/P9rTbUTARaE1GasZp3rctaoungb?table=tblBWCSfMnN13524&view=vewiU8a1wj&record=recvppgBfW1di5,2026-09-08,4987,https://app.notion.com/p/3d5a4137d2368135baffd54a7d311dcc
驼背太阳鱼,Pumpkinseed Sunfish,Lepomis Gibbosus,Centrarchidae,Lepomis,可用,3,稀有,2361.4,870.219316,0.63,0.2,T2,40,9.9,0.012,3.182,benthopelagic,0,41,4,30,17,"[""肉食性""]",晨昏活跃,多云、小雨或微风；避免强烈正午光照,广温,北美洲,好斗,30,驼背太阳鱼,同物种,"[""淡水"",""半咸水""]",potamodromous,hunting macrofauna (predator),3.25,short and / or deep,,TL,待人工审核,FishBase 中文俗名精确匹配,recvppgBfWFZLN,https://pisn3u3ony2.feishu.cn/base/P9rTbUTARaE1GasZp3rctaoungb?table=tblBWCSfMnN13524&view=vewiU8a1wj&record=recvppgBfWFZLN,2026-09-08,4987,https://app.notion.com/p/3d5a4137d236813c8339fcc4e217cf1e
美洲红点鲑,Brook Trout,Salvelinus Fontinalis,Salmonidae,Salvelinus,可用,3,稀有,1332.3,5443.465385,8,2.25,T5,86,26.4,0.0172,2.915,benthopelagic,15,27,0,25.3,12.65,"[""肉食性""]",晨昏活跃,多云、小雨或微风；避免强烈正午光照,温水,北美洲,追猎,150,美洲红点鲑,同物种,"[""淡水"",""半咸水"",""海水""]",anadromous,hunting macrofauna (predator),3.31,fusiform / normal,,SL,待人工审核,Brook trout 中文通名；FishBase 接受种核验,recvppgBfWkdNd,https://pisn3u3ony2.feishu.cn/base/P9rTbUTARaE1GasZp3rctaoungb?table=tblBWCSfMnN13524&view=vewiU8a1wj&record=recvppgBfWkdNd,2026-09-08,4987,https://app.notion.com/p/3d5a4137d236813c877fe164eb9c18b3
金鳟,Golden Trout,Oncorhynchus Aguabonita,Salmonidae,Oncorhynchus,可用,4,珍稀,12250,30030.37648,4.98,1.35,T4,71,29.8,0.0169,3,demersal,,,11,19,15,"[""肉食性""]",晨昏活跃,多云、小雨或微风；避免强烈正午光照,温水,北美洲,追猎,150,黑口红点鲑,近似种类比,"[""淡水""]",non-migratory,hunting macrofauna (predator),3.34,fusiform / normal,,TL,待人工审核,FishBase 中文俗名精确匹配,recvppgBfWgrqK,https://pisn3u3ony2.feishu.cn/base/P9rTbUTARaE1GasZp3rctaoungb?table=tblBWCSfMnN13524&view=vewiU8a1wj&record=recvppgBfWgrqK,2026-09-08,4987,https://app.notion.com/p/3d5a4137d2368146b065c6787af1d684
弓鳍鱼,Bowfin,Amia Calva,Amiidae,Amia,可用,2,常见,792,3559.51891,9.75,2.47,T5,109,53.3,0.0194,2.992,demersal,0,,15,20,17.5,"[""肉食性""]",晨昏活跃,多云、小雨或微风；避免强烈正午光照,温水,北美洲,孤僻,30,细鳞鲑,近似种类比,"[""淡水""]",,hunting macrofauna (predator),3.81,elongated,,TL,待人工审核,FishBase 中文俗名精确匹配,recvppgBfWjob4,https://pisn3u3ony2.feishu.cn/base/P9rTbUTARaE1GasZp3rctaoungb?table=tblBWCSfMnN13524&view=vewiU8a1wj&record=recvppgBfWjob4,2026-09-08,4987,https://app.notion.com/p/3d5a4137d23681479b64e2c0b7282b40
斑点黑鲈,Spotted Bass,Micropterus Punctulatus,Centrarchidae,Micropterus,可用,1,普通,218.2,534.9084202,4.65,1.35,T4,63.5,30,0.00871,3.09,demersal,,,17,27,22,"[""肉食性""]",晨昏活跃,多云、小雨或微风；避免强烈正午光照,温水,北美洲,好斗,30,斑点黑鲈,同物种,"[""淡水""]",,hunting macrofauna (predator),3.56,short and / or deep,,TL,待人工审核,FishBase 中文俗名精确匹配,recvppgBfWgbC9,https://pisn3u3ony2.feishu.cn/base/P9rTbUTARaE1GasZp3rctaoungb?table=tblBWCSfMnN13524&view=vewiU8a1wj&record=recvppgBfWgbC9,2026-09-08,4987,https://app.notion.com/p/3d5a4137d2368147a8b2d62afb5d0d33
大口黑鲈,Largemouth Bass,Micropterus Salmoides,Centrarchidae,Micropterus,可用,2,常见,1191.8,5843.298398,10.09,2.7,T5,97,40,0.0087,3.09,benthopelagic,0,6,10,31.7,20.85,"[""肉食性""]",晨昏活跃,多云、小雨或微风；避免强烈正午光照,广温,北美洲,好斗,30,大口黑鲈,同物种,"[""淡水""]",,hunting macrofauna (predator),3.84,fusiform / normal,hooks and lines,TL,待人工审核,FishBase 中文俗名精确匹配,recvppgBfW8ABR,https://pisn3u3ony2.feishu.cn/base/P9rTbUTARaE1GasZp3rctaoungb?table=tblBWCSfMnN13524&view=vewiU8a1wj&record=recvppgBfW8ABR,2026-09-08,4987,https://app.notion.com/p/3d5a4137d23681498e00c77b64519a0c
西方七鳃鳗,Petromyzontidae,Western Brook Lamprey,Petromyzontidae,Western,可用,2,常见,1168.5,95.49365029,0.15,0.04,T1,17.3,12,0.00132,2.99,demersal,10,,0.6,18,10月12日,"[""肉食性""]",夜间活跃,阴天、小雨或低光照；以天气稳定为先,冷水,北美太平洋沿岸（阿拉斯加至俄勒冈）,追猎,30,Lampetra richardsoni,近似种类比,"[""淡水"",""半咸水"",""海水""]",anadromous,hunting macrofauna (predator),2.4,eel-like,,TL,待人工审核,FishBase Lampetra richardsoni (ID 2528); Western brook lamprey; 中文俗名精确匹配; non-parasitic 淡水溪流七鳃鳗,recvppgBfWwgqx,https://pisn3u3ony2.feishu.cn/base/P9rTbUTARaE1GasZp3rctaoungb?table=tblBWCSfMnN13524&view=vewiU8a1wj&record=recvppgBfWwgqx,2026-09-08,4987,https://app.notion.com/p/3d5a4137d236814da525e138543b08be
美洲条纹狼鲈,Striped Bass,Morone Saxatilis,Moronidae,Morone,可用,2,常见,644.3,15794.7523,57,13.5,T11,200,120,0.00753,3.14,demersal,30,,8,25,16.5,"[""肉食性""]",晨昏活跃,多云、小雨或微风；避免强烈正午光照,温水,西大西洋,好斗,30,大西洋鲑鱼,近似种类比,"[""淡水"",""半咸水"",""海水""]",anadromous,hunting macrofauna (predator),4.65,fusiform / normal,,TL,待人工审核,Striped bass 中文通名；FishBase 接受种核验,recvppgBfWY1PD,https://pisn3u3ony2.feishu.cn/base/P9rTbUTARaE1GasZp3rctaoungb?table=tblBWCSfMnN13524&view=vewiU8a1wj&record=recvppgBfWY1PD,2026-09-08,4987,https://app.notion.com/p/3d5a4137d236814db792e62f8c3f64f1
眼鳢,Bullseye Snakehead,Channa Marulius,Channidae,Channa,,2,常见,1126.7,15651.66879,30,7.65,T8,183,46,0.007,3,benthopelagic,,,24,28,26,"[""肉食性""]",晨昏活跃,多云、小雨或微风；避免强烈正午光照,暖水,亚洲,孤僻,30,花狼鱼,近似种类比,"[""淡水""]",potamodromous,hunting macrofauna (predator),4.5,elongated,,TL,待人工审核,去除资产备注后与 FishBase 中文俗名精确匹配,recvppgBfWfeHA,https://pisn3u3ony2.feishu.cn/base/P9rTbUTARaE1GasZp3rctaoungb?table=tblBWCSfMnN13524&view=vewiU8a1wj&record=recvppgBfWfeHA,2026-09-08,4987,https://app.notion.com/p/3d5a4137d236815b9aafecf18126d17d
北美狗鱼,Muskellunge,Esox Masquinongy,Esocidae,Esox,可用,2,常见,832.7,13608.86775,31.75,9,T9,183,95,0.00146,3.36,demersal,,,11,19,15,"[""肉食性""]",晨昏活跃,多云、小雨或微风；避免强烈正午光照,温水,北美洲,追猎,30,匈红鲤(鳞鲤),近似种类比,"[""淡水""]",non-migratory,hunting macrofauna (predator),4.5,elongated,seines,TL,待人工审核,FishBase 中文俗名精确匹配,recvppgBfWTdCt,https://pisn3u3ony2.feishu.cn/base/P9rTbUTARaE1GasZp3rctaoungb?table=tblBWCSfMnN13524&view=vewiU8a1wj&record=recvppgBfWTdCt,2026-09-08,4987,https://app.notion.com/p/3d5a4137d236815db2a1c221794708ba
白马切喉鳟,Cutthroat Trout,Oncorhynchus Clarkii,Salmonidae,Oncorhynchus,可用,4,珍稀,4382.8,46558.44197,18.6,5.85,T8,99,,0.00649,3,demersal,0,200,6.1,10.1,8.1,"[""肉食性""]",晨昏活跃,多云、小雨或微风；避免强烈正午光照,,东太平洋,追猎,150,小齿狼鱼,近似种类比,"[""淡水"",""半咸水"",""海水""]",anadromous,hunting macrofauna (predator),3.77,fusiform / normal,hooks and lines,TL,待人工审核,Whitehorse cutthroat trout 未在 FishBase 独立列亚种，回退到切喉鳟种级,recvppgBfWDMIV,https://pisn3u3ony2.feishu.cn/base/P9rTbUTARaE1GasZp3rctaoungb?table=tblBWCSfMnN13524&view=vewiU8a1wj&record=recvppgBfWDMIV,2026-09-08,4987,https://app.notion.com/p/3d5a4137d2368164969eca7b0cb4ee44
鬼头刀,Mahimahi,Coryphaena Hippurus,Coryphaenidae,Coryphaena,,3,稀有,1402.3,27501.45106,40,10.8,T10,210,100,0.015,2.76,pelagic-neritic,0,85,21,30,25.5,"[""肉食性""]",全天活跃,晴到多云、有微风；以稳定海况为先,暖水,大西洋、印度洋与太平洋,追猎,70,黑长鲳,近似种类比,"[""半咸水"",""海水""]",oceanodromous,hunting macrofauna (predator),4.37,elongated,various gears,TL,待人工审核,FishBase 中文俗名精确匹配,recvppgBfWzovp,https://pisn3u3ony2.feishu.cn/base/P9rTbUTARaE1GasZp3rctaoungb?table=tblBWCSfMnN13524&view=vewiU8a1wj&record=recvppgBfWzovp,2026-09-08,4987,https://app.notion.com/p/3d5a4137d2368174a220fbaafd083229
佛罗里达雀鳝,Florida Gar,Lepisosteus Platyrhincus,Lepisosteidae,Lepisosteus,可用,2,常见,792,3559.51891,9.61,2.47,T5,132,59.5,0.00127,3.313,demersal,,,17,27,22,"[""肉食性""]",晨昏活跃,多云、小雨或微风；避免强烈正午光照,温水,北美洲,孤僻,30,细鳞鲑,近似种类比,"[""淡水""]",,hunting macrofauna (predator),3.72,elongated,,TL,待人工审核,Florida gar 中文直译；按独立物种匹配,recvppgBfWzbGS,https://pisn3u3ony2.feishu.cn/base/P9rTbUTARaE1GasZp3rctaoungb?table=tblBWCSfMnN13524&view=vewiU8a1wj&record=recvppgBfWzbGS,2026-09-08,4987,https://app.notion.com/p/3d5a4137d2368174a669d24927e5748e
黑牛胭脂鱼,Black Buffalo,Ictiobus Niger,Catostomidae,Ictiobus,可用,1,普通,347,4253.281893,28.74,6.75,T8,123,52,0.01,3.106,demersal,,,17,27,22,"[""肉食性""]",早晨活跃,晴间多云、微风；以天气稳定为先,温水,北美洲,追猎,30,黑牛胭脂鱼,同物种,"[""淡水""]",,hunting macrofauna (predator),3.42,fusiform / normal,,TL,待人工审核,去除资产备注后与 FishBase 中文俗名精确匹配,recvppgBfWvgxs,https://pisn3u3ony2.feishu.cn/base/P9rTbUTARaE1GasZp3rctaoungb?table=tblBWCSfMnN13524&view=vewiU8a1wj&record=recvppgBfWvgxs,2026-09-08,4987,https://app.notion.com/p/3d5a4137d236817585adff731f1fb169
链纹狗鱼,Chain Pickerel,Esox Niger,Esocidae,Esox,可用,2,常见,841.6,2063.148151,4.25,1.35,T4,99,41.9,0.00405,3.098,demersal,,6,10,20,15,"[""肉食性""]",晨昏活跃,多云、小雨或微风；避免强烈正午光照,温水,北美洲,追猎,30,短角大杜父鱼,近似种类比,"[""淡水""]",non-migratory,hunting macrofauna (predator),3.29,elongated,,TL,待人工审核,Chain pickerel 中文通名；FishBase 接受种核验,recvppgBfWSOnn,https://pisn3u3ony2.feishu.cn/base/P9rTbUTARaE1GasZp3rctaoungb?table=tblBWCSfMnN13524&view=vewiU8a1wj&record=recvppgBfWSOnn,2026-09-08,4987,https://app.notion.com/p/3d5a4137d23681819de4c916ad67a6f1
白斑刺盖太阳鱼,White Crappie,Pomoxis Annularis,Centrarchidae,Pomoxis,可用,1,普通,511.9,565.1110883,2.35,0.6,T3,53,25,0.0202,2.62,demersal,,,20.3,32.3,26.3,"[""肉食性""]",晨昏活跃,多云、小雨或微风；避免强烈正午光照,温水,北美洲,好斗,30,白刺盖太阳鱼,同物种,"[""淡水""]",,hunting macrofauna (predator),4.39,short and / or deep,,TL,待人工审核,农业种质资料/白莓鲈中文名与 FishBase 接受种核验,recvppgBfWM3bv,https://pisn3u3ony2.feishu.cn/base/P9rTbUTARaE1GasZp3rctaoungb?table=tblBWCSfMnN13524&view=vewiU8a1wj&record=recvppgBfWM3bv,2026-09-08,4987,https://app.notion.com/p/3d5a4137d236818488d6cfc71e57a7ce
露仙美鱥,Tennessee Shiner,Paranotropis Leuciodus,Leuciscidae,Paranotropis,可用,2,常见,1168.5,95.49365029,,0.04,T1,,,0.0136,3,demersal,,,11,19,15,,早晨活跃,,,,躲藏,30,湖大吻鱥,近似种类比,,,,,,,TL,待人工审核,,recvppgBfWSeoR,https://pisn3u3ony2.feishu.cn/base/P9rTbUTARaE1GasZp3rctaoungb?table=tblBWCSfMnN13524&view=vewiU8a1wj&record=recvppgBfWSeoR,2026-09-08,4987,https://app.notion.com/p/3d5a4137d2368184a30ceb9533509e4b
玻璃梭鲈,Walleye,Sander Vitreus,Percidae,Sander,可用,4,珍稀,3797.4,21721.40031,11.34,3.15,T6,107,54,0.03542,2.695,benthopelagic,0,27,1.1,29,15.05,"[""肉食性""]",夜间活跃,阴天、小雨或低光照；以天气稳定为先,广温,北美洲,追猎,30,玻璃梭鲈,同物种,"[""淡水"",""半咸水""]",potamodromous,hunting macrofauna (predator),4.47,elongated,gillnets,FL,待人工审核,FishBase 中文俗名精确匹配,recvppgBfWht7g,https://pisn3u3ony2.feishu.cn/base/P9rTbUTARaE1GasZp3rctaoungb?table=tblBWCSfMnN13524&view=vewiU8a1wj&record=recvppgBfWht7g,2026-09-08,4987,https://app.notion.com/p/3d5a4137d23681878631e3151077d52a
绿太阳鱼,Green Sunfish,Lepomis Cyanellus,Centrarchidae,Lepomis,可用,2,常见,1004.4,532.6915689,0.96,0.29,T2,31,20,0.0114,3.19,benthopelagic,,,18,31.7,24.85,"[""肉食性""]",晨昏活跃,多云、小雨或微风；避免强烈正午光照,暖水,北美洲,好斗,30,太阳鱼,近似种类比,"[""淡水""]",,,3.49,short and / or deep,,TL,待人工审核,Green sunfish 中文通名；FishBase 接受种核验,recvppgBfWNdVB,https://pisn3u3ony2.feishu.cn/base/P9rTbUTARaE1GasZp3rctaoungb?table=tblBWCSfMnN13524&view=vewiU8a1wj&record=recvppgBfWNdVB,2026-09-08,4987,https://app.notion.com/p/3d5a4137d23681878642d8dd923017a0
白亚口鱼,Yaqui Sucker,Catostomus Commersonii,Catostomidae,Catostomus,可用,2,常见,789.8,1128.793575,2.94,0.78,T3,65,40.7,0.0126,2.94,demersal,,,0,29.3,14.65,"[""肉食性""]",早晨活跃,晴间多云、微风；以天气稳定为先,温水,北美洲,躲藏,30,金眼狼鲈,近似种类比,"[""淡水"",""半咸水""]",,hunting macrofauna (predator),2.82,fusiform / normal,,TL,待人工审核,FishBase 中文俗名精确匹配,recvppgBfW0tKq,https://pisn3u3ony2.feishu.cn/base/P9rTbUTARaE1GasZp3rctaoungb?table=tblBWCSfMnN13524&view=vewiU8a1wj&record=recvppgBfW0tKq,2026-09-08,4987,https://app.notion.com/p/3d5a4137d23681889db4c94c7bdb15ce
小口黑鲈,Smallmouth Bass,Micropterus Dolomieu,Centrarchidae,Micropterus,可用,2,常见,1191.8,2921.649199,5.41,1.35,T4,69,8,0.0153,2.92,benthopelagic,1,7,8.5,29.5,19,"[""肉食性""]",晨昏活跃,多云、小雨或微风；避免强烈正午光照,广温,北美洲,好斗,30,小口黑鲈,同物种,"[""淡水""]",,hunting macrofauna (predator),3.56,fusiform / normal,,TL,待人工审核,FishBase 中文俗名精确匹配,recvppgBfWD5uv,https://pisn3u3ony2.feishu.cn/base/P9rTbUTARaE1GasZp3rctaoungb?table=tblBWCSfMnN13524&view=vewiU8a1wj&record=recvppgBfWD5uv,2026-09-08,4987,https://app.notion.com/p/3d5a4137d2368188b9f8eb43b5204e0a
丁鱥,Tench,Tinca Tinca,Tincidae,Tinca,可用,1,普通,560.9,1833.364698,7.5,1.8,T4,70,20,0.0105,3.118,demersal,1,,4,24,14,"[""肉食性""]",晨昏活跃,多云、小雨或微风；避免强烈正午光照,广温,欧亚大陆,追猎,30,丁鱥,同物种,"[""淡水"",""半咸水""]",potamodromous,hunting macrofauna (predator),3.69,fusiform / normal,seines,SL,待人工审核,FishBase 中文俗名精确匹配,recvppgBfWvTo4,https://pisn3u3ony2.feishu.cn/base/P9rTbUTARaE1GasZp3rctaoungb?table=tblBWCSfMnN13524&view=vewiU8a1wj&record=recvppgBfWvTo4,2026-09-08,4987,https://app.notion.com/p/3d5a4137d236818c8d30fd5dc52ced34
旗鱼,Sailfish,Istiophorus Platypterus,Istiophoridae,Istiophorus,,4,珍稀,9349.6,229201.6391,100.24,13.5,T11,348,270,0.00238,3,pelagic-oceanic,0,200,19.6,31.6,25.6,"[""肉食性""]",全天活跃,晴到多云、有微风；以稳定海况为先,暖水,印度—太平洋,追猎,150,魣鳕,近似种类比,"[""海水""]",oceanodromous,hunting macrofauna (predator),4.5,elongated,gillnets,FL,待人工审核,Sailfish 通名；按 FishBase 当前接受种归并,recvppgBfWZQYE,https://pisn3u3ony2.feishu.cn/base/P9rTbUTARaE1GasZp3rctaoungb?table=tblBWCSfMnN13524&view=vewiU8a1wj&record=recvppgBfWZQYE,2026-09-08,4987,https://app.notion.com/p/3d5a4137d236819fae7fe4b8fd25857d
斑点雀鳝,Spotted Gar,Lepisosteus Oculatus,Lepisosteidae,Lepisosteus,可用,2,常见,1004.4,2462.245725,4.44,1.35,T4,150,100,0.00072,3.4,demersal,0,,12,20,16,"[""肉食性""]",晨昏活跃,多云、小雨或微风；避免强烈正午光照,温水,北美洲,孤僻,30,斑点雀鳝,同物种,"[""淡水"",""半咸水""]",,hunting macrofauna (predator),4,elongated,gillnets,TL,待人工审核,Spotted gar 中文通名；按独立物种匹配,recvppgBfWM50F,https://pisn3u3ony2.feishu.cn/base/P9rTbUTARaE1GasZp3rctaoungb?table=tblBWCSfMnN13524&view=vewiU8a1wj&record=recvppgBfWM50F,2026-09-08,4987,https://app.notion.com/p/3d5a4137d23681a9acfedb2ec969f5e1
黑斑刺盖太阳鱼,Black Crappie,Pomoxis Nigromaculatus,Centrarchidae,Pomoxis,可用,2,常见,1103.2,1442.382073,2.72,0.72,T3,49,27.5,0.0114,3.075,benthopelagic,0,,14,30.6,22.3,"[""肉食性""]",晨昏活跃,多云、小雨或微风；避免强烈正午光照,温水,北美洲,好斗,30,黑斑刺盖太阳鱼,同物种,"[""淡水""]",,hunting macrofauna (predator),3.81,short and / or deep,,TL,待人工审核,农业农村部种质资料与 FishBase 接受种核验,recvppgBfWzQJ3,https://pisn3u3ony2.feishu.cn/base/P9rTbUTARaE1GasZp3rctaoungb?table=tblBWCSfMnN13524&view=vewiU8a1wj&record=recvppgBfWzQJ3,2026-09-08,4987,https://app.notion.com/p/3d5a4137d23681ac821edc9ce5ea6a15
长背亚口鱼,Blue Sucker,Cycleptus Elongatus,Catostomidae,Cycleptus,可用,2,常见,912.3,2385.560444,5.71,1.44,T4,93,66.5,0.002,3.351,benthopelagic,,,17,27,22,,早晨活跃,晴间多云、微风；以天气稳定为先,温水,北美洲,躲藏,30,茴鱼,近似种类比,"[""淡水""]",,,,elongated,,TL,待人工审核,去除资产备注后与 FishBase 中文俗名精确匹配,recvppgBfWEP7C,https://pisn3u3ony2.feishu.cn/base/P9rTbUTARaE1GasZp3rctaoungb?table=tblBWCSfMnN13524&view=vewiU8a1wj&record=recvppgBfWEP7C,2026-09-08,4987,https://app.notion.com/p/3d5a4137d23681b28aa4ceeb922c4f0c
臼齿鱼,Hardhead,Mylopharodon Conocephalus,Leuciscidae,Mylopharodon,可用,2,常见,876.1,5369.308741,,3.37,T6,100,35,0.01402,3,demersal,,,17,27,22,,早晨活跃,晴间多云、微风；以天气稳定为先,温水,北美洲,躲藏,30,花羔红点斑鲑,近似种类比,"[""淡水""]",,,,fusiform / normal,,TL,待人工审核,FishBase 中文俗名精确匹配,recvppgBfWrOAr,https://pisn3u3ony2.feishu.cn/base/P9rTbUTARaE1GasZp3rctaoungb?table=tblBWCSfMnN13524&view=vewiU8a1wj&record=recvppgBfWrOAr,2026-09-08,4987,https://app.notion.com/p/3d5a4137d23681b59609d8339145cb41
小须美鱥,River Chub,Nocomis Micropogon,Leuciscidae,Nocomis,可用,2,常见,968.5,151.0299759,,0.08,T1,33,13.5,0.0094,3.06,demersal,,,11,19,15,"[""肉食性""]",早晨活跃,晴间多云、微风；以天气稳定为先,温水,北美洲,活泼,30,青蛙,近似种类比,"[""淡水""]",,,3.17,fusiform / normal,,TL,待人工审核,FishBase 中文俗名精确匹配,recvppgBfWLacW,https://pisn3u3ony2.feishu.cn/base/P9rTbUTARaE1GasZp3rctaoungb?table=tblBWCSfMnN13524&view=vewiU8a1wj&record=recvppgBfWLacW,2026-09-08,4987,https://app.notion.com/p/3d5a4137d23681bcad6eed41e54184e8
小冠太阳鱼,Redear Sunfish,Lepomis Microlophus,Centrarchidae,Lepomis,可用,3,稀有,1330.1,1847.716779,0.22,0.76,T3,43.2,19.2,0.0218,2.96,demersal,,,17,27,22,,晨昏活跃,多云、小雨或微风；避免强烈正午光照,温水,北美洲,躲藏,30,小冠太阳鱼,同物种,"[""淡水""]",,,,fusiform / normal,,TL,待人工审核,FishBase 中文俗名精确匹配,recvppgBfW39bm,https://pisn3u3ony2.feishu.cn/base/P9rTbUTARaE1GasZp3rctaoungb?table=tblBWCSfMnN13524&view=vewiU8a1wj&record=recvppgBfW39bm,2026-09-08,4987,https://app.notion.com/p/3d5a4137d23681bfbaf1c016e64d698c
灰西鲱,Alewife,Alosa Pseudoharengus,Alosidae,Alosa,可用,1,普通,527.1,30.68834536,0.2,0.03,T1,40,30,0.0549,2.51,pelagic-neritic,5,145,2.3,4.3,3.3,"[""肉食性""]",全天活跃,晴间多云、微风；以天气稳定为先,温水,北美洲,追猎,13,乌克兰七鳃鳗,近似种类比,"[""淡水"",""半咸水"",""海水""]",anadromous,hunting macrofauna (predator),3.39,fusiform / normal,,SL,待人工审核,FishBase 中文俗名精确匹配,recvppgBfWJr70,https://pisn3u3ony2.feishu.cn/base/P9rTbUTARaE1GasZp3rctaoungb?table=tblBWCSfMnN13524&view=vewiU8a1wj&record=recvppgBfWJr70,2026-09-08,4987,https://app.notion.com/p/3d5a4137d23681c284b7de396fd11121
水牛鱼,Buffalo,Ictiobus Bubalus,Catostomidae,Ictiobus,可用,2,常见,876.5,15757.16326,37.29,9.9,T9,112,58.5,0.012,3.063,demersal,4,,21.1,33.1,27.1,"[""肉食性""]",早晨活跃,晴间多云、微风；以天气稳定为先,温水,北美洲,孤僻,30,廓里湖红点鲑,近似种类比,"[""淡水""]",,hunting macrofauna (predator),3.01,fusiform / normal,gillnets,TL,待人工审核,与同表大口/黑牛胭脂鱼区分后，按 smallmouth buffalo 匹配,recvppgBfWCS5y,https://pisn3u3ony2.feishu.cn/base/P9rTbUTARaE1GasZp3rctaoungb?table=tblBWCSfMnN13524&view=vewiU8a1wj&record=recvppgBfWCS5y,2026-09-08,4987,https://app.notion.com/p/3d5a4137d23681d3ad27d6125a681736
乌鳢,Northern Snakehead,Channa Argus,Channidae,Channa,可用,2,常见,951.4,3498.477573,8,2.02,T5,100,,0.0054,3.121,benthopelagic,,,4,22,13,"[""肉食性""]",晨昏活跃,多云、小雨或微风；避免强烈正午光照,广温,亚洲,孤僻,30,驼背白鲑,近似种类比,"[""淡水""]",,hunting macrofauna (predator),4.44,elongated,,TL,待人工审核,FishBase 中文俗名精确匹配,recvppgBfWASPy,https://pisn3u3ony2.feishu.cn/base/P9rTbUTARaE1GasZp3rctaoungb?table=tblBWCSfMnN13524&view=vewiU8a1wj&record=recvppgBfWASPy,2026-09-08,4987,https://app.notion.com/p/3d5a4137d23681d58179f80b17a11248
双点美鱥,Hornyhead Chub,Nocomis Biguttatus,Leuciscidae,Nocomis,可用,2,常见,1168.5,95.49365029,,0.04,T1,26,11,0.01983,3,demersal,,,11,19,15,"[""肉食性""]",早晨活跃,晴间多云、微风；以天气稳定为先,温水,北美洲,撕鳍,30,湖大吻鱥,近似种类比,"[""淡水""]",,hunting macrofauna (predator),3.03,elongated,,TL,待人工审核,FishBase 中文俗名精确匹配,recvppgBfW5dNA,https://pisn3u3ony2.feishu.cn/base/P9rTbUTARaE1GasZp3rctaoungb?table=tblBWCSfMnN13524&view=vewiU8a1wj&record=recvppgBfW5dNA,2026-09-08,4987,https://app.notion.com/p/3d5a4137d23681df9e20c646e383c743
红斑太阳鱼,Redspotted Sunfish,Lepomis Miniatus,Centrarchidae,Lepomis,可用,2,常见,1168.5,38.06234779,,0.01,T1,16,,0.0405,3,demersal,,,11,19,15,,晨昏活跃,多云、小雨或微风；避免强烈正午光照,温水,北美洲,躲藏,30,黑尾叉牙七鳃鳗,近似种类比,"[""淡水""]",,,,fusiform / normal,,SL,待人工审核,FishBase 中文俗名精确匹配,recvppgBfW7WZ6,https://pisn3u3ony2.feishu.cn/base/P9rTbUTARaE1GasZp3rctaoungb?table=tblBWCSfMnN13524&view=vewiU8a1wj&record=recvppgBfW7WZ6,2026-09-08,4987,https://app.notion.com/p/3d5a4137d23681e0b0b8e5349b51df2d
牛港鲹,Giant Trevally,Caranx Ignobilis,Carangidae,Caranx,,3,稀有,1302.3,53208.9242,80,22.5,T12,170,100,0.024,2.8,reef-associated,10,188,26,29,27.5,"[""肉食性""]",全天活跃,晴到多云、有微风；以稳定海况为先,暖水,印度—太平洋,追猎,70,皱鳃鲨,近似种类比,"[""半咸水"",""海水""]",,hunting macrofauna (predator),4.22,fusiform / normal,various gears,TL,待人工审核,FishBase 中文俗名精确匹配,recvppgBfWdmWP,https://pisn3u3ony2.feishu.cn/base/P9rTbUTARaE1GasZp3rctaoungb?table=tblBWCSfMnN13524&view=vewiU8a1wj&record=recvppgBfWdmWP,2026-09-08,4987,https://app.notion.com/p/3d5a4137d23681e690f0d21ef47aef6e
美洲鳗鲡,American Eel,Anguilla Rostrata,Anguillidae,Anguilla,可用,2,常见,613.5,2205.818194,7.33,1.98,T5,152,50,0.00034,3.47,demersal,0,464,4,25,14.5,"[""肉食性""]",夜间活跃,阴天、小雨或低光照；以天气稳定为先,广温,西北大西洋至中西大西洋,孤僻,30,东方欧鳊,近似种类比,"[""淡水"",""半咸水"",""海水""]",catadromous,hunting macrofauna (predator),3.83,eel-like,seines,TL,待人工审核,FishBase 中文俗名精确匹配,recvppgBfWgMy7,https://pisn3u3ony2.feishu.cn/base/P9rTbUTARaE1GasZp3rctaoungb?table=tblBWCSfMnN13524&view=vewiU8a1wj&record=recvppgBfWgMy7,2026-09-08,4987,https://app.notion.com/p/3d5a4137d23681f1ae03e6de2593435c
岩钝鲈,Rock Bass,Ambloplites Rupestris,Centrarchidae,Ambloplites,可用,2,常见,1158.9,757.6036004,1.36,0.36,T2,43,15.4,0.0172,3.04,benthopelagic,0,21,10,29.3,19.65,"[""肉食性""]",晨昏活跃,多云、小雨或微风；避免强烈正午光照,广温,北美洲,好斗,30,银鲷鱼,近似种类比,"[""淡水""]",,hunting macrofauna (predator),3.43,short and / or deep,,TL,待人工审核,FishBase 中文俗名精确匹配,recvppgBfWMCzd,https://pisn3u3ony2.feishu.cn/base/P9rTbUTARaE1GasZp3rctaoungb?table=tblBWCSfMnN13524&view=vewiU8a1wj&record=recvppgBfWMCzd,2026-09-08,4987,https://app.notion.com/p/3d5a4137d23681f39be8c0ef364ea011
黄旗金枪鱼,Yellowfin Tuna,Thunnus Albacares,Scombridae,Thunnus,,3,稀有,1428.5,163422.4488,200,63,T13,239,150,0.0228,2.944,pelagic-oceanic,1,1602,15,31,23,"[""肉食性""]",全天活跃,晴到多云、有微风；以稳定海况为先,温水,全球热带与亚热带海域（地中海除外）,追猎,70,斑点月鱼,近似种类比,"[""半咸水"",""海水""]",oceanodromous,hunting macrofauna (predator),4.41,fusiform / normal,seines,FL,待人工审核,黄鳍金枪鱼名称变体；FishBase 接受种核验,recvppgBfWsGwp,https://pisn3u3ony2.feishu.cn/base/P9rTbUTARaE1GasZp3rctaoungb?table=tblBWCSfMnN13524&view=vewiU8a1wj&record=recvppgBfWsGwp,2026-09-08,4987,https://app.notion.com/p/3d5a4137d23681f6868ef9afeb56d684
虹鳟,Rainbow Trout,Oncorhynchus Mykiss,Salmonidae,Oncorhynchus,可用,2,常见,1102.9,9012.381556,25.85,4.5,T7,122,60,0.0209,2.843,benthopelagic,0,200,10,24,17,"[""肉食性""]",晨昏活跃,多云、小雨或微风；避免强烈正午光照,温水,北美洲太平洋沿岸水系,追猎,13,虹鳟,同物种,"[""淡水"",""半咸水"",""海水""]",anadromous,hunting macrofauna (predator),4.08,fusiform / normal,hooks and lines,TL,待人工审核,FishBase 中文俗名精确匹配,recvppgBfWfMZm,https://pisn3u3ony2.feishu.cn/base/P9rTbUTARaE1GasZp3rctaoungb?table=tblBWCSfMnN13524&view=vewiU8a1wj&record=recvppgBfWfMZm,2026-09-08,4987,https://app.notion.com/p/3d5a4137d23681fcba2bc9eee7d8878a
美洲西鲱,American Shad,Alosa Sapidissima,Alosidae,Alosa,可用,1,普通,218.2,534.9084202,5.5,1.35,T4,76,50,0.00535,3.22,pelagic-neritic,0,250,3.6,7.6,5.6,"[""肉食性""]",全天活跃,晴间多云、微风；以天气稳定为先,温水,北美洲,活泼,13,斑点黑鲈,近似种类比,"[""淡水"",""半咸水"",""海水""]",anadromous,hunting macrofauna (predator),3.48,fusiform / normal,various gears,TL,待人工审核,FishBase 中文俗名精确匹配,recvppgBfWRm1c,https://pisn3u3ony2.feishu.cn/base/P9rTbUTARaE1GasZp3rctaoungb?table=tblBWCSfMnN13524&view=vewiU8a1wj&record=recvppgBfWRm1c,2026-09-08,4987,https://app.notion.com/p/3d5a4137d23681fdad8af6fc6e95365b
七彩神仙鱼（橙）,Orange Discus,Symphysodon Aequifasciatus（Orange）,Cichlidae,Symphysodon,,2,常见,1168.5,38.06234779,,0.01,T1,,,0.02692,3.03,,,,26,31,28.5,,早晨活跃,,,,警惕,30,黑尾叉牙七鳃鳗,近似种类比,,,,,,,,待人工审核,,recvppgBfXN0xn,https://pisn3u3ony2.feishu.cn/base/P9rTbUTARaE1GasZp3rctaoungb?table=tblBWCSfMnN13524&view=vewiU8a1wj&record=recvppgBfXN0xn,2026-09-08,4987,https://app.notion.com/p/3d5a4137d2368105851ec89db3251f3e
金红马鱼,Golden Redhorse,Moxostoma Erythrurum,Catostomidae,Moxostoma,,2,常见,841.6,2063.148151,4.08,1.35,T4,78,28.8,0.0077,3.09,demersal,,,11,19,15,"[""肉食性""]",早晨活跃,晴间多云、微风；以天气稳定为先,温水,北美洲,孤僻,30,短角大杜父鱼,近似种类比,"[""淡水""]",,,3.04,fusiform / normal,,TL,待人工审核,Golden redhorse 中文直译；按独立物种匹配,recvppgBfXa0F7,https://pisn3u3ony2.feishu.cn/base/P9rTbUTARaE1GasZp3rctaoungb?table=tblBWCSfMnN13524&view=vewiU8a1wj&record=recvppgBfXa0F7,2026-09-08,4987,https://app.notion.com/p/3d5a4137d236810687a3cd7c62584870
条纹四鳍旗鱼,Striped Marlin,Kajikia Audax,Istiophoridae,Kajikia,,4,珍稀,9349.6,229201.6391,440,13.5,T11,420,290,0.01517,2.88,pelagic-oceanic,0,200,20,25,22.5,"[""肉食性""]",全天活跃,晴到多云、有微风；以稳定海况为先,温水,印度—太平洋,追猎,150,魣鳕,近似种类比,"[""海水""]",oceanodromous,hunting macrofauna (predator),4.5,elongated,hooks and lines,TL,待人工审核,Striped marlin 中文通名；FishBase 当前接受种核验,recvppgBfWLxTg,https://pisn3u3ony2.feishu.cn/base/P9rTbUTARaE1GasZp3rctaoungb?table=tblBWCSfMnN13524&view=vewiU8a1wj&record=recvppgBfWLxTg,2026-09-08,4987,https://app.notion.com/p/3d5a4137d236810da48de1b86843289c
星点东方鲀,Grass Puffer,Takifugu Niphobles,Tetraodontidae,Takifugu,,4,珍稀,5101,185.2983314,0.083,0.02,T1,15.9,,0.05545,2.491,demersal,,,18.6,28.6,23.6,"[""肉食性""]",全天活跃,晴间多云、微风；以天气稳定为先,,西北太平洋,孤僻,150,西伯利亚杜父鱼,近似种类比,"[""海水""]",,,3.26,fusiform / normal,,TL,待人工审核,中国科学院/台湾鱼类资料中文名与 FishBase 接受种核验,recvppgBfXpJTy,https://pisn3u3ony2.feishu.cn/base/P9rTbUTARaE1GasZp3rctaoungb?table=tblBWCSfMnN13524&view=vewiU8a1wj&record=recvppgBfXpJTy,2026-09-08,4987,https://app.notion.com/p/3d5a4137d236811394cbed6eb1b98aba
小体鲟,Sterlet,Acipenser Ruthenus,Acipenseridae,Acipenser,,2,常见,1168.8,8595.796905,16,1,T7,125,40,0.0004,3.6125,demersal,1,,11,19,15,"[""杂食性""]",晨昏活跃,多云、小雨或微风；避免强烈正午光照,温水,欧亚大陆,孤僻,30,小体鲟,同物种,"[""淡水"",""半咸水""]",potamodromous,variable,3.57,elongated,seines,TL,待人工审核,新增鱼种整合：玩法提单-鱼第27行；来源学名与FishBase属种精确匹配；规则FISH-INVENTORY-MERGE-R1,recvq6YNcIR5Mz,https://pisn3u3ony2.feishu.cn/base/P9rTbUTARaE1GasZp3rctaoungb?table=tblBWCSfMnN13524&view=vewiU8a1wj&record=recvq6YNcIR5Mz,2026-09-08,4987,https://app.notion.com/p/3d5a4137d23681139b3eee981de3eee0
黑鲷,Blackhead Seabream,Acanthopagrus Schlegelii,Sparidae,Acanthopagrus,,3,稀有,1682.7,2475.049047,3.2,0.81,T3,50,,0.04,2.95,demersal,15,,18.7,28.7,23.7,"[""肉食性""]",全天活跃,晴间多云、微风；以天气稳定为先,,西北太平洋,孤僻,70,亚口鱼,近似种类比,"[""半咸水"",""海水""]",,hunting macrofauna (predator),3.24,short and / or deep,,SL,待人工审核,FishBase 中文俗名精确匹配,recvppgBfXxaUK,https://pisn3u3ony2.feishu.cn/base/P9rTbUTARaE1GasZp3rctaoungb?table=tblBWCSfMnN13524&view=vewiU8a1wj&record=recvppgBfXxaUK,2026-09-08,4987,https://app.notion.com/p/3d5a4137d236811497afd7468a2c6ddd
葛氏鲈塘鳢,Chinese Sleeper,Perccottus Glenii,Odontobutidae,Perccottus,,3,稀有,1442.9,471.6165873,0.25,0.08,T1,25,12.5,0.0109,3.08,demersal,,,15,30,22.5,"[""肉食性""]",全天活跃,晴间多云、微风；以天气稳定为先,温水,亚洲,追猎,30,葛氏鲈塘鳢,同物种,"[""淡水"",""半咸水""]",,hunting macrofauna (predator),3.63,fusiform / normal,,TL,待人工审核,新增鱼种整合：玩法提单-鱼第13行；来源学名与FishBase属种精确匹配；规则FISH-INVENTORY-MERGE-R1,recvq6YNcIyMiO,https://pisn3u3ony2.feishu.cn/base/P9rTbUTARaE1GasZp3rctaoungb?table=tblBWCSfMnN13524&view=vewiU8a1wj&record=recvq6YNcIyMiO,2026-09-08,4987,https://app.notion.com/p/3d5a4137d2368117a88ff1c5f6d8749f
塞凡湖鳟,Sevan Trout,Salmo Ischchan,Salmonidae,Salmo,,2,常见,891.3,6554.957034,17,4,T7,104,33,0.01047,3.03,demersal,,,11,19,15,"[""肉食性""]",晨昏活跃,多云、小雨或微风；避免强烈正午光照,冷水,"Former USSR: Armenia, Lake Sevan.",追猎,150,塞凡湖鳟,同物种,"[""淡水""]",,hunting macrofauna (predator),3.29,fusiform / normal,,TL,待人工审核,新增鱼种整合：玩法提单-鱼第29行；来源学名与FishBase属种精确匹配；规则FISH-INVENTORY-MERGE-R1,recvq6YNcI1Fel,https://pisn3u3ony2.feishu.cn/base/P9rTbUTARaE1GasZp3rctaoungb?table=tblBWCSfMnN13524&view=vewiU8a1wj&record=recvq6YNcI1Fel,2026-09-08,4987,https://app.notion.com/p/3d5a4137d2368122826ae23241294655
白北鲑,Whitefish,Stenodus Leucichthys,Salmonidae,Stenodus,,1,普通,336,6864.086052,40,3.5,T10,150,61,0.0019,3.3713,demersal,10,30,6,10,8,"[""肉食性""]",晨昏活跃,多云、小雨或微风；避免强烈正午光照,温水,北美洲,追猎,150,白北鲑,同物种,"[""淡水"",""半咸水"",""海水""]",anadromous,hunting macrofauna (predator),4.09,fusiform / normal,gillnets,TL,待人工审核,新增鱼种整合：玩法提单-鱼第17行；来源学名与FishBase属种精确匹配；规则FISH-INVENTORY-MERGE-R1,recvq6YNcInhR0,https://pisn3u3ony2.feishu.cn/base/P9rTbUTARaE1GasZp3rctaoungb?table=tblBWCSfMnN13524&view=vewiU8a1wj&record=recvq6YNcInhR0,2026-09-08,4987,https://app.notion.com/p/3d5a4137d236812899b1d375b8dc6b04
萨克拉门托大斑狗鱼,Sacramento Pikeminnow,Ptychocheilus Grandis,Leuciscidae,Ptychocheilus,,2,常见,832.7,13608.86775,,9,T9,140,40,0.0065,3,demersal,,,11,19,15,,早晨活跃,晴间多云、微风；以天气稳定为先,温水,北美洲,躲藏,30,匈红鲤(鳞鲤),近似种类比,"[""淡水""]",,,,elongated,,TL,待人工审核,Sacramento pikeminnow 项目译名；FishBase 接受种核验,recvppgBfXlayy,https://pisn3u3ony2.feishu.cn/base/P9rTbUTARaE1GasZp3rctaoungb?table=tblBWCSfMnN13524&view=vewiU8a1wj&record=recvppgBfXlayy,2026-09-08,4987,https://app.notion.com/p/3d5a4137d236812ba384d0c04625d9dd
东方狐鲣,Striped Bonito,Sarda Orientalis,Scombridae,Sarda,,3,稀有,2709.4,13283.96768,10.65,2.7,T5,102,55,0.00869,3.1,pelagic-neritic,1,167,13.5,23,18.25,"[""肉食性""]",全天活跃,晴到多云、有微风；以稳定海况为先,温水,印度—太平洋,追猎,70,马苏鱼,近似种类比,"[""海水""]",oceanodromous,hunting macrofauna (predator),4.21,fusiform / normal,seines,FL,待人工审核,FishBase 中文俗名精确匹配,recvppgBfWEtv1,https://pisn3u3ony2.feishu.cn/base/P9rTbUTARaE1GasZp3rctaoungb?table=tblBWCSfMnN13524&view=vewiU8a1wj&record=recvppgBfWEtv1,2026-09-08,4987,https://app.notion.com/p/3d5a4137d236812f8676f53a95372e4f
棘背钝头鳐,Thorny Skate,Amblyraja Radiata,Rajidae,Amblyraja,,2,常见,1191.8,5843.298398,11.4,,T5,105,87.5,0.0069,3.0343,demersal,5,1540,-1.3,14,6.35,"[""肉食性""]",夜间活跃,阴天、小雨或低光照；以天气稳定为先,冷水,北大西洋 and adjacent Arctic.,追猎,30,大口黑鲈,近似种类比,"[""半咸水"",""海水""]",oceanodromous,hunting macrofauna (predator),4.2,other,,TL,待人工审核,新增鱼种整合：玩法提单-鱼第5行；来源学名与FishBase属种精确匹配；规则FISH-INVENTORY-MERGE-R1,recvq6YNcIN5vB,https://pisn3u3ony2.feishu.cn/base/P9rTbUTARaE1GasZp3rctaoungb?table=tblBWCSfMnN13524&view=vewiU8a1wj&record=recvq6YNcIN5vB,2026-09-08,4987,https://app.notion.com/p/3d5a4137d236812f8b07ec3bcc8839c8
日本鲭,Chub Mackerel,Scomber Japonicus,Scombridae,Scomber,,3,稀有,1330.1,1847.716779,2.9,0.76,T3,64,30,0.0021,3.408,pelagic-neritic,0,300,10,27,18.5,"[""肉食性""]",全天活跃,晴到多云、有微风；以稳定海况为先,温水,印度—太平洋,撕鳍,70,小冠太阳鱼,近似种类比,"[""海水""]",oceanodromous,hunting macrofauna (predator),3.38,fusiform / normal,seines,TL,待人工审核,FishBase 中文俗名精确匹配,recvppgBfX8j0e,https://pisn3u3ony2.feishu.cn/base/P9rTbUTARaE1GasZp3rctaoungb?table=tblBWCSfMnN13524&view=vewiU8a1wj&record=recvppgBfX8j0e,2026-09-08,4987,https://app.notion.com/p/3d5a4137d236812fbb84d708d5fcd1f0
欧白鲑,Vendace,Coregonus Albula,Salmonidae,Coregonus,,4,珍稀,6557.7,2679.322447,1,0.2,T2,48,20,0.005,3.2,benthopelagic,30,,1.6,3.6,2.6,"[""滤食性""]",晨昏活跃,多云、小雨或微风；避免强烈正午光照,温水,欧洲,撕鳍,30,欧白鲑,同物种,"[""淡水"",""半咸水"",""海水""]",anadromous,selective plankton feeding,3.06,fusiform / normal,seines,TL,待人工审核,新增鱼种整合：玩法提单-鱼第16行；来源学名与FishBase属种精确匹配；规则FISH-INVENTORY-MERGE-R1,recvq6YNcIh2bC,https://pisn3u3ony2.feishu.cn/base/P9rTbUTARaE1GasZp3rctaoungb?table=tblBWCSfMnN13524&view=vewiU8a1wj&record=recvq6YNcIh2bC,2026-09-08,4987,https://app.notion.com/p/3d5a4137d2368134b70fde1a7f2a771c
驼背白鲑,Humpback Whitefish,Coregonus Pidschian,Salmonidae,Coregonus,,2,常见,951.4,3498.477573,2,0.55,T5,50,32.8,0.0048,3.2903,demersal,,,1,3,2,"[""肉食性""]",晨昏活跃,多云、小雨或微风；避免强烈正午光照,冷水,"Arctic Ocean basin, from Finland (lapland) to eastern Siberia, Alaska, and Canada eastward to Mackenzie drainage.",孤僻,150,驼背白鲑,同物种,"[""淡水"",""半咸水"",""海水""]",anadromous,hunting macrofauna (predator),3.31,fusiform / normal,,SL,待人工审核,新增鱼种整合：玩法提单-鱼第19行；来源学名与FishBase属种精确匹配；规则FISH-INVENTORY-MERGE-R1,recvq6YNcI6pwQ,https://pisn3u3ony2.feishu.cn/base/P9rTbUTARaE1GasZp3rctaoungb?table=tblBWCSfMnN13524&view=vewiU8a1wj&record=recvq6YNcI6pwQ,2026-09-08,4987,https://app.notion.com/p/3d5a4137d23681359b2bfd60ff51a70d
短扁口鲶,Piraiba,Brachyplatystoma filamentosum,Pimelodidae,Brachyplatystoma,,2,常见,1051.8,21487.0408,,11.25,T10,,,0.00871,3.12,,,,22,28,25,,早晨活跃,,,,活泼,30,镜鲤(白化),近似种类比,,,,,,,,待人工审核,,recvppgBfWSY6R,https://pisn3u3ony2.feishu.cn/base/P9rTbUTARaE1GasZp3rctaoungb?table=tblBWCSfMnN13524&view=vewiU8a1wj&record=recvppgBfWSY6R,2026-09-08,4987,https://app.notion.com/p/3d5a4137d2368138becec45dea54b31e
金目丽鱼,Speckled Peacock Bass,Cichla Temensis,Cichlidae,Cichla,,2,常见,876.1,5369.308741,12.24,3.37,T6,99,,0.04181,3,benthopelagic,,,27,29,28,"[""肉食性""]",全天活跃,晴间多云、微风；以天气稳定为先,暖水,南美洲,好斗,30,花羔红点斑鲑,近似种类比,"[""淡水""]",,hunting macrofauna (predator),4.49,fusiform / normal,,TL,待人工审核,FishBase 中文俗名精确匹配,recvppgBfXiRAK,https://pisn3u3ony2.feishu.cn/base/P9rTbUTARaE1GasZp3rctaoungb?table=tblBWCSfMnN13524&view=vewiU8a1wj&record=recvppgBfXiRAK,2026-09-08,4987,https://app.notion.com/p/3d5a4137d236814087a2fd13d7a299d7
常见鮈鱼,Common Gudgeon,Gobio Gobio,Gobionidae,Gobio,,4,珍稀,6407.8,523.6664205,0.22,0.04,T1,21,12,0.0063,3.18,benthopelagic,,,2,18,10,"[""肉食性""]",全天活跃,晴间多云、微风；以天气稳定为先,冷水,欧洲,撕鳍,30,常见鮈鱼,同物种,"[""淡水"",""半咸水""]",potamodromous,hunting macrofauna (predator),3.13,fusiform / normal,,TL,待人工审核,新增鱼种整合：玩法提单-鱼第31行；来源学名与FishBase属种精确匹配；规则FISH-INVENTORY-MERGE-R1,recvq6YNcIW2TT,https://pisn3u3ony2.feishu.cn/base/P9rTbUTARaE1GasZp3rctaoungb?table=tblBWCSfMnN13524&view=vewiU8a1wj&record=recvq6YNcIW2TT,2026-09-08,4987,https://app.notion.com/p/3d5a4137d2368141b810e8ebda34d83a
针牙脂鲤,Biara,Rhaphiodon Vulpinus,Cynodontidae,Rhaphiodon,,2,常见,1227.4,1203.56357,2.1,0.53,T2,80,,0.0031,3.23,pelagic,,,20,32,26,"[""肉食性""]",晨昏活跃,多云、小雨或微风；避免强烈正午光照,,南美洲,追猎,30,拉多加白鲑,近似种类比,"[""淡水""]",,hunting macrofauna (predator),4.5,elongated,,SL,待人工审核,FishBase 中文俗名精确匹配,recvppgBfXIKua,https://pisn3u3ony2.feishu.cn/base/P9rTbUTARaE1GasZp3rctaoungb?table=tblBWCSfMnN13524&view=vewiU8a1wj&record=recvppgBfXIKua,2026-09-08,4987,https://app.notion.com/p/3d5a4137d2368144b025f2e1d697de11
大西洋牙鲆,Summer Flounder,Paralichthys Dentatus,Paralichthyidae,Paralichthys,,4,珍稀,3797.4,21721.40031,12,8.5,T6,94,44.5,0.00533,3.16,demersal,10,183,15.1,23.1,19.1,"[""肉食性""]",全天活跃,晴间多云、微风；以天气稳定为先,温水,"Northwest Atlantic: Maine (rarely Nova Scotia, Canada) to southern Florida, USA.",追猎,150,玻璃梭鲈,近似种类比,"[""半咸水"",""海水""]",oceanodromous,hunting macrofauna (predator),4.49,short and / or deep,,TL,待人工审核,新增鱼种整合：玩法提单-鱼第11行；来源学名与FishBase属种精确匹配；规则FISH-INVENTORY-MERGE-R1,recvq6YNcIsSNZ,https://pisn3u3ony2.feishu.cn/base/P9rTbUTARaE1GasZp3rctaoungb?table=tblBWCSfMnN13524&view=vewiU8a1wj&record=recvq6YNcIsSNZ,2026-09-08,4987,https://app.notion.com/p/3d5a4137d2368146bbb8deb031dd0b9f
大西洋狼鱼,Atlantic Wolffish,Anarhichas Lupus,Anarhichadidae,Anarhichas,,2,常见,788.8,9346.270313,23.58,,T8,150,55,0.0078,3.0468,demersal,1,600,5.8,9.8,7.8,"[""肉食性""]",全天活跃,晴间多云、微风；以天气稳定为先,温水,"Northeast Atlantic: Spitsbergen southward to White Sea, Scandinavian coasts, North Sea, the British Isles, to the Northen part of Bay of Biscaye, also Iceland and south-eastern co",追猎,13,大西洋狼鳚,同物种,"[""海水""]",oceanodromous,hunting macrofauna (predator),3.55,elongated,trawls,TL,待人工审核,新增鱼种整合：玩法提单-鱼第7行；来源学名与FishBase属种精确匹配；规则FISH-INVENTORY-MERGE-R1,recvq6YNcI3Rnh,https://pisn3u3ony2.feishu.cn/base/P9rTbUTARaE1GasZp3rctaoungb?table=tblBWCSfMnN13524&view=vewiU8a1wj&record=recvq6YNcI3Rnh,2026-09-08,4987,https://app.notion.com/p/3d5a4137d2368147b372ec4125166472
沙鮻,Northern Whiting,Sillago Sihama,Sillaginidae,Sillago,,4,珍稀,17520,2573.173658,,0.08,T1,31,20,0.02,2.6,reef-associated,0,60,26,29,27.5,"[""肉食性""]",晨昏活跃,多云、小雨或微风；避免强烈正午光照,暖水,印度—西太平洋,孤僻,150,沙丁鱼,近似种类比,"[""半咸水"",""海水""]",amphidromous,hunting macrofauna (predator),3.33,elongated,various gears,SL,待人工审核,台湾农业/水产试验资料中文名与 FishBase 接受种核验,recvppgBfXRJZa,https://pisn3u3ony2.feishu.cn/base/P9rTbUTARaE1GasZp3rctaoungb?table=tblBWCSfMnN13524&view=vewiU8a1wj&record=recvppgBfXRJZa,2026-09-08,4987,https://app.notion.com/p/3d5a4137d23681489524fb8bed25caf8
鞍带石斑鱼,Giant Grouper,Epinephelus Lanceolatus,Serranidae,Epinephelus,,4,珍稀,9349.6,229201.6391,400,13.5,T11,270,190,0.0173,3,reef-associated,1,200,22.1,34.1,28.1,"[""肉食性""]",晨昏活跃,多云、小雨或微风；避免强烈正午光照,暖水,印度—太平洋,追猎,150,魣鳕,近似种类比,"[""半咸水"",""海水""]",,hunting macrofauna (predator),4,fusiform / normal,various gears,TL,待人工审核,去除资产备注后与 FishBase 中文俗名精确匹配,recvppgBfWNVrL,https://pisn3u3ony2.feishu.cn/base/P9rTbUTARaE1GasZp3rctaoungb?table=tblBWCSfMnN13524&view=vewiU8a1wj&record=recvppgBfWNVrL,2026-09-08,4987,https://app.notion.com/p/3d5a4137d2368148a04bd1322a5a9d48
鳞鲤(人面鲤),Human Face Scale Carp,Cyprinus Carpio Var. Human Face,Cyprinidae,Cyprinus,,1,普通,192.7,3149.308053,3,1,T9,60,30,0.0173,2.993,,0,29,3,35,19,,早晨活跃,晴间多云、微风；以天气稳定为先,温水,欧亚大陆,活泼,16.08,普通鲤鱼,同物种,,,,,,,,待人工审核,新增鱼种整合：玩法提单-鱼第23行；未取得FishBase唯一匹配，保留来源字段；规则FISH-INVENTORY-MERGE-R1,recvq6YNcI6W57,https://pisn3u3ony2.feishu.cn/base/P9rTbUTARaE1GasZp3rctaoungb?table=tblBWCSfMnN13524&view=vewiU8a1wj&record=recvq6YNcI6W57,2026-09-08,4987,https://app.notion.com/p/3d5a4137d236814ebb22df1a43c51f78
红尾鲶鱼,Redtail Catfish,Phractocephalus Hemioliopterus,Pimelodidae,Phractocephalus,,2,常见,876.4,17903.82445,44.2,11.25,T10,134.9,60,0.0125,3.04,demersal,,,20,26,23,"[""肉食性""]",夜间活跃,阴天、小雨或低光照；以天气稳定为先,温水,南美洲,孤僻,30,红白锦鲤,近似种类比,"[""淡水""]",potamodromous,hunting macrofauna (predator),4.15,fusiform / normal,,TL,待人工审核,Redtail catfish 中文通名；FishBase 接受种核验,recvppgBfW0T9j,https://pisn3u3ony2.feishu.cn/base/P9rTbUTARaE1GasZp3rctaoungb?table=tblBWCSfMnN13524&view=vewiU8a1wj&record=recvppgBfW0T9j,2026-09-08,4987,https://app.notion.com/p/3d5a4137d236814f9435d94dd58605f1
裸狐鲣,Dogtooth Tuna,Gymnosarda Unicolor,Scombridae,Gymnosarda,,3,稀有,1683,82516.12019,131,27,T12,248,190,0.0105,3.065,reef-associated,0,250,20,28,24,"[""肉食性""]",全天活跃,晴到多云、有微风；以稳定海况为先,暖水,印度—太平洋,追猎,70,石斑鱼,近似种类比,"[""海水""]",oceanodromous,hunting macrofauna (predator),4.5,fusiform / normal,various gears,FL,待人工审核,FishBase 中文俗名精确匹配,recvppgBfWGhWa,https://pisn3u3ony2.feishu.cn/base/P9rTbUTARaE1GasZp3rctaoungb?table=tblBWCSfMnN13524&view=vewiU8a1wj&record=recvppgBfWGhWa,2026-09-08,4987,https://app.notion.com/p/3d5a4137d2368151bd2ad8833a051917
鲤鱼,Common Carp,Cyprinus Carpio,Cyprinidae,Cyprinus,,1,普通,160.3,3274.741054,40.09,11.25,T10,120,31,0.0173,2.993,benthopelagic,0,29,3,35,19,"[""肉食性""]",早晨活跃,晴间多云、微风；以天气稳定为先,广温,欧亚大陆,撕鳍,16.08,镜鲤,同物种,"[""淡水"",""半咸水""]",potamodromous,hunting macrofauna (predator),3.06,fusiform / normal,seines,TL,待人工审核,鲤/鲤鱼中文名称变体；FishBase 接受种核验,recvppgBfXYM2N,https://pisn3u3ony2.feishu.cn/base/P9rTbUTARaE1GasZp3rctaoungb?table=tblBWCSfMnN13524&view=vewiU8a1wj&record=recvppgBfXYM2N,2026-09-08,4987,https://app.notion.com/p/3d5a4137d2368155b311df8c1238629a
剑旗鱼,Swordfish,Xiphias Gladius,Xiphiidae,Xiphias,,4,珍稀,9349.6,229201.6391,650,13.5,T11,455,300,0.00776,3.21,pelagic-oceanic,0,2878,5,27,16,"[""肉食性""]",全天活跃,晴到多云、有微风；以稳定海况为先,广温,大西洋、印度洋与太平洋,追猎,150,魣鳕,近似种类比,"[""海水""]",oceanodromous,hunting macrofauna (predator),4.53,elongated,hooks and lines,FL,待人工审核,FishBase 中文俗名精确匹配,recvppgBfXBHiP,https://pisn3u3ony2.feishu.cn/base/P9rTbUTARaE1GasZp3rctaoungb?table=tblBWCSfMnN13524&view=vewiU8a1wj&record=recvppgBfXBHiP,2026-09-08,4987,https://app.notion.com/p/3d5a4137d2368156bd75d7a10d8d3365
银斑鲫,Silver Mylossoma,Mylossoma duriventre,Serrasalmidae,Mylossoma,,2,常见,1016.1,1245.4639,,0.67,T3,,,0.0257,3.02,,,,22,28,25,,早晨活跃,,,,躲藏,30,红鳍鱼,近似种类比,,,,,,,,待人工审核,,recvppgBfWI2gI,https://pisn3u3ony2.feishu.cn/base/P9rTbUTARaE1GasZp3rctaoungb?table=tblBWCSfMnN13524&view=vewiU8a1wj&record=recvppgBfWI2gI,2026-09-08,4987,https://app.notion.com/p/3d5a4137d23681578895fe62d19a70c5
虎纹鸭嘴鲇,Tiger Sorubim,Pseudoplatystoma Fasciatum,Pimelodidae,Pseudoplatystoma,,2,常见,748.2,24455.75802,70,18,T11,104.5,,0.00997,3.029,demersal,5,,24,28,26,"[""肉食性""]",夜间活跃,阴天、小雨或低光照；以天气稳定为先,暖水,南美洲,追猎,30,大鳞麻哈鱼,近似种类比,"[""淡水""]",potamodromous,hunting macrofauna (predator),4.38,fusiform / normal,,SL,待人工审核,虎纹鸭嘴鲶名称异体与 FishBase 接受种核验,recvppgBfXMmcA,https://pisn3u3ony2.feishu.cn/base/P9rTbUTARaE1GasZp3rctaoungb?table=tblBWCSfMnN13524&view=vewiU8a1wj&record=recvppgBfXMmcA,2026-09-08,4987,https://app.notion.com/p/3d5a4137d23681599b6df8221659aabd
海鲈鱼,Asian Seabasses,Lateolabrax Japonicus,Lateolabracidae,Lateolabrax,,4,珍稀,22539.6,73673.21618,8.7,1.8,T4,102,16.1,0.00682,3.151,reef-associated,5,,17.4,27.4,22.4,"[""肉食性""]",晨昏活跃,多云、小雨或微风；避免强烈正午光照,,西太平洋,好斗,150,黑等鳍叉尾带鱼,近似种类比,"[""淡水"",""半咸水"",""海水""]",catadromous,hunting macrofauna (predator),3.1,fusiform / normal,seines,TL,待人工审核,日本鱼组上下文下按 Japanese seabass 匹配,recvppgBfXsGjb,https://pisn3u3ony2.feishu.cn/base/P9rTbUTARaE1GasZp3rctaoungb?table=tblBWCSfMnN13524&view=vewiU8a1wj&record=recvppgBfXsGjb,2026-09-08,4987,https://app.notion.com/p/3d5a4137d236815a90fdcf15a7a18971
高白鲑,Peled,Coregonus Peled,Salmonidae,Coregonus,,2,常见,738.3,1809.912404,5,0.75,T4,50,35,0.0027,3.4962,demersal,5,11,1,3,2,"[""肉食性""]",晨昏活跃,多云、小雨或微风；避免强烈正午光照,温水,欧亚大陆,追猎,150,高白鲑,同物种,"[""淡水"",""半咸水"",""海水""]",anadromous,hunting macrofauna (predator),4.06,fusiform / normal,,TL,待人工审核,新增鱼种整合：玩法提单-鱼第18行；来源学名与FishBase属种精确匹配；规则FISH-INVENTORY-MERGE-R1,recvq6YNcISGAE,https://pisn3u3ony2.feishu.cn/base/P9rTbUTARaE1GasZp3rctaoungb?table=tblBWCSfMnN13524&view=vewiU8a1wj&record=recvq6YNcISGAE,2026-09-08,4987,https://app.notion.com/p/3d5a4137d2368160b4fad1f6cf5ad55b
河红马鱼,River Redhorse,Moxostoma Carinatum,Catostomidae,Moxostoma,,2,常见,841.6,2063.148151,4.205,1.35,T4,77,48,0.008,3.098,demersal,,,11,19,15,"[""肉食性""]",早晨活跃,晴间多云、微风；以天气稳定为先,温水,北美洲,追猎,30,短角大杜父鱼,近似种类比,"[""淡水""]",,hunting macrofauna (predator),3.56,fusiform / normal,,TL,待人工审核,River redhorse 中文直译；FishBase 接受种核验,recvppgBfXP20G,https://pisn3u3ony2.feishu.cn/base/P9rTbUTARaE1GasZp3rctaoungb?table=tblBWCSfMnN13524&view=vewiU8a1wj&record=recvppgBfXP20G,2026-09-08,4987,https://app.notion.com/p/3d5a4137d2368161b274d98b84915dd5
日本竹荚鱼,Japanese Jack Mackerel,Trachurus Japonicus,Carangidae,Trachurus,,3,稀有,1442.9,471.6165873,0.66,0.17,T1,50,35,0.0095,2.98,pelagic-neritic,0,275,10.8,16.8,13.8,"[""滤食性""]",全天活跃,晴到多云、有微风；以稳定海况为先,,西北太平洋,温和,70,葛氏鲈塘鳢,近似种类比,"[""海水""]",oceanodromous,selective plankton feeding,3.4,fusiform / normal,seines,TL,待人工审核,日本竹筴鱼名称异体；FishBase 接受种核验,recvppgBfWpZU3,https://pisn3u3ony2.feishu.cn/base/P9rTbUTARaE1GasZp3rctaoungb?table=tblBWCSfMnN13524&view=vewiU8a1wj&record=recvppgBfWpZU3,2026-09-08,4987,https://app.notion.com/p/3d5a4137d2368164a931c69421c6f074
四白锦鲤,Shiro Utsuri Koi,Cyprinus Carpio Var. Shiro Utsuri,Cyprinidae,Cyprinus,,1,普通,192.7,3149.308053,10,2,T9,100,40,0.0173,2.993,,0,29,3,35,19,,早晨活跃,晴间多云、微风；以天气稳定为先,温水,欧亚大陆,活泼,16.08,普通鲤鱼,同物种,,,,,,,,待人工审核,新增鱼种整合：玩法提单-鱼第25行；未取得FishBase唯一匹配，保留来源字段；规则FISH-INVENTORY-MERGE-R1,recvq6YNcIG4C0,https://pisn3u3ony2.feishu.cn/base/P9rTbUTARaE1GasZp3rctaoungb?table=tblBWCSfMnN13524&view=vewiU8a1wj&record=recvq6YNcIG4C0,2026-09-08,4987,https://app.notion.com/p/3d5a4137d2368165a8b0dc0caaa66880
南美肺鱼,South American Lungfish,Lepidosiren Paradoxa,Lepidosirenidae,Lepidosiren,,2,常见,911.5,10427.69073,,6.3,T8,125,,0.00389,3.12,demersal,,,24,28,26,"[""杂食性""]",夜间活跃,阴天、小雨或低光照；以天气稳定为先,暖水,南美洲,孤僻,30,大菱鲆,近似种类比,"[""淡水""]",,variable,3.11,elongated,,TL,待人工审核,FishBase 中文俗名精确匹配,recvppgBfWZ82p,https://pisn3u3ony2.feishu.cn/base/P9rTbUTARaE1GasZp3rctaoungb?table=tblBWCSfMnN13524&view=vewiU8a1wj&record=recvppgBfWZ82p,2026-09-08,4987,https://app.notion.com/p/3d5a4137d23681759053ef4df72a87c3
枯叶鱼,Amazon Leaffish,Mentodus Facilis,Platytroctidae,Mentodus,,2,常见,1168.5,38.06234779,,0.01,T1,12.5,,0.00407,3.17,bathypelagic,680,2000,3.7,5.7,4.7,,夜间活跃,阴天、小雨或低光照；以天气稳定为先,暖水,全球热带与亚热带海域,警惕,30,黑尾叉牙七鳃鳗,近似种类比,"[""海水""]",,,,elongated,,SL,待人工审核,FishBase 中文俗名精确匹配,recvppgBfXf19L,https://pisn3u3ony2.feishu.cn/base/P9rTbUTARaE1GasZp3rctaoungb?table=tblBWCSfMnN13524&view=vewiU8a1wj&record=recvppgBfXf19L,2026-09-08,4987,https://app.notion.com/p/3d5a4137d236817598d7c1b11826fbe1
黑带兔脂鲤,Black Banded Leporinus,Leporinus Nigrotaeniatus,Anostomidae,Leporinus,,2,常见,1158.9,757.6036004,,0.36,T2,40,,0.00776,3.05,benthopelagic,,,23,26,24.5,,晨昏活跃,多云、小雨或微风；避免强烈正午光照,暖水,南美洲,躲藏,30,银鲷鱼,近似种类比,"[""淡水""]",,,,elongated,,TL,待人工审核,FishBase 中文俗名精确匹配,recvppgBfXvrup,https://pisn3u3ony2.feishu.cn/base/P9rTbUTARaE1GasZp3rctaoungb?table=tblBWCSfMnN13524&view=vewiU8a1wj&record=recvppgBfXvrup,2026-09-08,4987,https://app.notion.com/p/3d5a4137d2368184ad2fe5ac2f69695a
大西洋黄盖鲽,Yellowtail Flounder,Myzopsetta Ferruginea,Pleuronectidae,Myzopsetta,,4,珍稀,6544.9,4813.314652,1.5,,T2,64,29.8,0.00722,3.06,demersal,27,364,1.6,3.6,2.6,"[""肉食性""]",全天活跃,晴间多云、微风；以天气稳定为先,温水,"Northwest Atlantic: southern Labrador, Canada to Chesapeake Bay, USA.",孤僻,150,绵鳚,近似种类比,"[""海水""]",,hunting macrofauna (predator),3.28,short and / or deep,,TL,待人工审核,新增鱼种整合：玩法提单-鱼第3行；来源英文名与FishBase唯一精确匹配；规则FISH-INVENTORY-MERGE-R1,recvq6YNcIVYyc,https://pisn3u3ony2.feishu.cn/base/P9rTbUTARaE1GasZp3rctaoungb?table=tblBWCSfMnN13524&view=vewiU8a1wj&record=recvq6YNcIVYyc,2026-09-08,4987,https://app.notion.com/p/3d5a4137d2368187901ad3102ad11052
美洲拟鲽,Winter Flounder,Pseudopleuronectes Americanus,Pleuronectidae,Pseudopleuronectes,,4,珍稀,6427.9,10505.15684,3.6,,T3,64,26.8,0.00851,3.1441,demersal,5,143,4.1,8.1,6.1,"[""肉食性""]",全天活跃,晴间多云、微风；以天气稳定为先,温水,西大西洋,追猎,150,欧洲鱿鱼,近似种类比,"[""海水""]",oceanodromous,hunting macrofauna (predator),3.62,short and / or deep,seines,TL,待人工审核,新增鱼种整合：玩法提单-鱼第10行；来源学名与FishBase属种精确匹配；规则FISH-INVENTORY-MERGE-R1,recvq6YNcIVVJ6,https://pisn3u3ony2.feishu.cn/base/P9rTbUTARaE1GasZp3rctaoungb?table=tblBWCSfMnN13524&view=vewiU8a1wj&record=recvq6YNcIVVJ6,2026-09-08,4987,https://app.notion.com/p/3d5a4137d236818c91addd7172e495b5
茅尖鱼,Pike cichlid,Crenicichla Lepidota,Cichlidae,Crenicichla,,2,常见,1168.5,95.49365029,,0.04,T1,,,0.00851,3.08,,,,20,28,24,,全天活跃,,,,活泼,30,湖大吻鱥,近似种类比,,,,,,,,待人工审核,,recvppgBfX7OU9,https://pisn3u3ony2.feishu.cn/base/P9rTbUTARaE1GasZp3rctaoungb?table=tblBWCSfMnN13524&view=vewiU8a1wj&record=recvppgBfX7OU9,2026-09-08,4987,https://app.notion.com/p/3d5a4137d2368190af61dba4c47c6700
巨狼鱼,Giant Wolf Fish,Hoplias Aimara,Erythrinidae,Hoplias,,2,常见,876.5,15757.16326,40,9.9,T9,100,,0.0164,3.06,benthopelagic,,,20,32,26,"[""肉食性""]",晨昏活跃,多云、小雨或微风；避免强烈正午光照,,南美洲,追猎,30,廓里湖红点鲑,近似种类比,"[""淡水""]",potamodromous,hunting macrofauna (predator),3.74,elongated,,SL,待人工审核,Giant wolf fish 英文通名与 FishBase 接受种核验,recvppgBfWn7z0,https://pisn3u3ony2.feishu.cn/base/P9rTbUTARaE1GasZp3rctaoungb?table=tblBWCSfMnN13524&view=vewiU8a1wj&record=recvppgBfWn7z0,2026-09-08,4987,https://app.notion.com/p/3d5a4137d23681919289eea18e824289
常见拟鲤,Common Roach,Rutilus Rutilus,Leuciscidae,Rutilus,,1,普通,409.3,401.3512867,1.84,0.2,T2,50.2,25,0.0062,3.218,benthopelagic,15,,10,20,15,"[""肉食性""]",早晨活跃,晴间多云、微风；以天气稳定为先,温水,欧亚大陆,撕鳍,30,常见拟鲤,同物种,"[""淡水"",""半咸水""]",potamodromous,hunting macrofauna (predator),2.96,fusiform / normal,seines,TL,待人工审核,新增鱼种整合：玩法提单-鱼第15行；来源学名与FishBase属种精确匹配；规则FISH-INVENTORY-MERGE-R1,recvq6YNcIPlSr,https://pisn3u3ony2.feishu.cn/base/P9rTbUTARaE1GasZp3rctaoungb?table=tblBWCSfMnN13524&view=vewiU8a1wj&record=recvq6YNcIPlSr,2026-09-08,4987,https://app.notion.com/p/3d5a4137d23681939e4dc6f49e660c4a
七彩神仙鱼（白）,White Discus,Symphysodon Aequifasciatus（White）,Cichlidae,Symphysodon,,2,常见,1168.5,38.06234779,,0.01,T1,,,0.02692,3.03,,,,26,31,28.5,,早晨活跃,,,,警惕,30,黑尾叉牙七鳃鳗,近似种类比,,,,,,,,待人工审核,,recvppgBfXT5MP,https://pisn3u3ony2.feishu.cn/base/P9rTbUTARaE1GasZp3rctaoungb?table=tblBWCSfMnN13524&view=vewiU8a1wj&record=recvppgBfXT5MP,2026-09-08,4987,https://app.notion.com/p/3d5a4137d236819582a0ed093e7fabb2
地图鱼,Oscar,Astronotus Ocellatus,Cichlidae,Astronotus,,2,常见,1158.9,757.6036004,1.58,0.36,T2,45.7,24,0.0278,3,benthopelagic,,,22,25,23.5,"[""杂食性""]",全天活跃,晴间多云、微风；以天气稳定为先,温水,南美洲,躲藏,30,银鲷鱼,近似种类比,"[""淡水""]",,variable,2.83,short and / or deep,,TL,待人工审核,Oscar/map fish 水族通名；FishBase 接受种核验,recvppgBfXwiS7,https://pisn3u3ony2.feishu.cn/base/P9rTbUTARaE1GasZp3rctaoungb?table=tblBWCSfMnN13524&view=vewiU8a1wj&record=recvppgBfXwiS7,2026-09-08,4987,https://app.notion.com/p/3d5a4137d23681959977d3351083f501
镜鲤(白化),Albino Mirror Carp,Cyprinus Carpio Var. Specularis Albino,Cyprinidae,Cyprinus,,1,普通,192.7,3149.308053,5,1.5,T9,80,35,0.0173,2.993,,0,29,3,35,19,,早晨活跃,晴间多云、微风；以天气稳定为先,温水,欧亚大陆,活泼,16.08,普通鲤鱼,同物种,,,,,,,,待人工审核,新增鱼种整合：玩法提单-鱼第22行；未取得FishBase唯一匹配，保留来源字段；规则FISH-INVENTORY-MERGE-R1,recvq6YNcI7b6Z,https://pisn3u3ony2.feishu.cn/base/P9rTbUTARaE1GasZp3rctaoungb?table=tblBWCSfMnN13524&view=vewiU8a1wj&record=recvq6YNcI7b6Z,2026-09-08,4987,https://app.notion.com/p/3d5a4137d23681968e7eff09585f3fe4
草鱼,Grass Carp,Ctenopharyngodon Idella,Xenocyprididae,Ctenopharyngodon,,1,普通,196.3,4491.400307,45,12.6,T11,150,10.7,0.0108,3.006,benthopelagic,0,30,0,35,17.5,"[""植食性""]",早晨活跃,晴间多云、微风；以天气稳定为先,,亚洲,温和,13.46,草鱼,同物种,"[""淡水"",""半咸水""]",potamodromous,browsing on substrate,2,fusiform / normal,seines,TL,待人工审核,FishBase 中文俗名精确匹配,recvppgBfXRQzH,https://pisn3u3ony2.feishu.cn/base/P9rTbUTARaE1GasZp3rctaoungb?table=tblBWCSfMnN13524&view=vewiU8a1wj&record=recvppgBfXRQzH,2026-09-08,4987,https://app.notion.com/p/3d5a4137d2368196b7dbd2c08db2aa79
巴西马鲛,Serra Spanish Mackerel,Scomberomorus Brasiliensis,Scombridae,Scomberomorus,,3,稀有,2238.2,7315.808287,6.71,1.8,T4,125,65,0.02643,2.69159,reef-associated,,,21.5,33.5,27.5,"[""肉食性""]",全天活跃,晴到多云、有微风；以稳定海况为先,,西大西洋,追猎,70,金丁鱥,近似种类比,"[""海水""]",oceanodromous,hunting macrofauna (predator),3.31,fusiform / normal,gillnets,FL,待人工审核,FishBase 中文俗名精确匹配,recvppgBfXSJIc,https://pisn3u3ony2.feishu.cn/base/P9rTbUTARaE1GasZp3rctaoungb?table=tblBWCSfMnN13524&view=vewiU8a1wj&record=recvppgBfXSJIc,2026-09-08,4987,https://app.notion.com/p/3d5a4137d236819ba0c0dda6ae4f0618
双线无须鳕,Silver Hake,Merluccius Bilinearis,Merlucciidae,Merluccius,,1,普通,511.9,565.1110883,2.3,,T3,76,37,0.00537,3.06,demersal,55,914,3.9,5.9,4.9,"[""肉食性""]",全天活跃,晴间多云、微风；以天气稳定为先,温水,Northwest Atlantic: coast of Canada and USA from Bell Isle Channel to the Bahamas; most common from southern Newfoundland to South Carolina.,追猎,13,白刺盖太阳鱼,近似种类比,"[""海水""]",oceanodromous,hunting macrofauna (predator),4.49,elongated,,TL,待人工审核,新增鱼种整合：玩法提单-鱼第8行；来源学名与FishBase属种精确匹配；规则FISH-INVENTORY-MERGE-R1,recvq6YNcImaX7,https://pisn3u3ony2.feishu.cn/base/P9rTbUTARaE1GasZp3rctaoungb?table=tblBWCSfMnN13524&view=vewiU8a1wj&record=recvq6YNcImaX7,2026-09-08,4987,https://app.notion.com/p/3d5a4137d236819cbc23dc675c9a4c3c
真鲷,Red Seabream,Pagrus Major,Sparidae,Pagrus,,3,稀有,1314,5905.565464,9.72,2.47,T5,100,30,0.0536,2.92,demersal,10,200,16.8,26.8,21.8,"[""肉食性""]",全天活跃,晴间多云、微风；以天气稳定为先,,西北太平洋,活泼,70,银鳟鱼,近似种类比,"[""海水""]",oceanodromous,hunting macrofauna (predator),4.46,fusiform / normal,trawls,SL,待人工审核,FishBase 中文俗名精确匹配,recvppgBfX5bwk,https://pisn3u3ony2.feishu.cn/base/P9rTbUTARaE1GasZp3rctaoungb?table=tblBWCSfMnN13524&view=vewiU8a1wj&record=recvppgBfX5bwk,2026-09-08,4987,https://app.notion.com/p/3d5a4137d236819ebd95e41be5305069
大眼金枪鱼,Bigeye Tuna,Thunnus Obesus,Scombridae,Thunnus,,4,珍稀,9349.6,229201.6391,210,13.5,T11,250,180,0.0119,3.09,pelagic-oceanic,0,1500,13,29,21,"[""肉食性""]",全天活跃,晴到多云、有微风；以稳定海况为先,温水,大西洋、印度洋与太平洋,追猎,150,魣鳕,近似种类比,"[""海水""]",oceanodromous,hunting macrofauna (predator),4.49,fusiform / normal,hooks and lines,TL,待人工审核,FishBase 中文俗名精确匹配,recvppgBfWPNfp,https://pisn3u3ony2.feishu.cn/base/P9rTbUTARaE1GasZp3rctaoungb?table=tblBWCSfMnN13524&view=vewiU8a1wj&record=recvppgBfWPNfp,2026-09-08,4987,https://app.notion.com/p/3d5a4137d23681a7a413d159696e29be
黄尾鰤,Yellowtail Amberjack,Seriola Lalandi,Carangidae,Seriola,,1,普通,269.5,11011.13804,96.84,22.5,T12,250,80,0.04442,2.5831,benthopelagic,3,825,18,24,21,"[""肉食性""]",全天活跃,晴到多云、有微风；以稳定海况为先,温水,全球海域,追猎,13,哲罗鱼,近似种类比,"[""半咸水"",""海水""]",,hunting macrofauna (predator),4.16,fusiform / normal,hooks and lines,TL,待人工审核,FishBase 中文俗名精确匹配,recvppgBfXnDVu,https://pisn3u3ony2.feishu.cn/base/P9rTbUTARaE1GasZp3rctaoungb?table=tblBWCSfMnN13524&view=vewiU8a1wj&record=recvppgBfXnDVu,2026-09-08,4987,https://app.notion.com/p/3d5a4137d23681a8bf27c9e72193cc16
长吻鲍氏脂鲤,Bicuda,Boulengerella Cuvieri,Ctenoluciidae,Boulengerella,,2,常见,1251.8,3580.192883,6,1.57,T4,88,,0.0012,3.34,pelagic,,,20,32,26,"[""肉食性""]",晨昏活跃,多云、小雨或微风；避免强烈正午光照,,南美洲,追猎,30,黑白鲑,近似种类比,"[""淡水""]",,hunting macrofauna (predator),4.5,elongated,,FL,待人工审核,FishBase 中文俗名精确匹配,recvppgBfX8bBO,https://pisn3u3ony2.feishu.cn/base/P9rTbUTARaE1GasZp3rctaoungb?table=tblBWCSfMnN13524&view=vewiU8a1wj&record=recvppgBfX8bBO,2026-09-08,4987,https://app.notion.com/p/3d5a4137d23681aaa97dfbde0ec7cba3
红白锦鲤,Kohaku Koi,Cyprinus Carpio Var. Kohaku,Cyprinidae,Cyprinus,,1,普通,192.7,3149.308053,10,2,T9,100,40,0.0173,2.993,,0,29,3,35,19,,早晨活跃,晴间多云、微风；以天气稳定为先,温水,欧亚大陆,活泼,16.08,普通鲤鱼,同物种,,,,,,,,待人工审核,新增鱼种整合：玩法提单-鱼第21行；未取得FishBase唯一匹配，保留来源字段；规则FISH-INVENTORY-MERGE-R1,recvq6YNcIg9E8,https://pisn3u3ony2.feishu.cn/base/P9rTbUTARaE1GasZp3rctaoungb?table=tblBWCSfMnN13524&view=vewiU8a1wj&record=recvq6YNcIg9E8,2026-09-08,4987,https://app.notion.com/p/3d5a4137d23681ad8a0af34dae82c0a0
湖拟鲤,Roach,Rutilus Rutilus,Leuciscidae,Rutilus,,4,珍稀,5101,2501.019426,1.84,0.35,T2,50.2,25,0.0062,3.218,benthopelagic,15,,10,20,15,"[""肉食性""]",早晨活跃,晴间多云、微风；以天气稳定为先,温水,欧亚大陆,撕鳍,30,湖拟鲤,同物种,"[""淡水"",""半咸水""]",potamodromous,hunting macrofauna (predator),2.96,fusiform / normal,seines,TL,待人工审核,新增鱼种整合：玩法提单-鱼第14行；来源学名与FishBase属种精确匹配；规则FISH-INVENTORY-MERGE-R1,recvq6YNcIDhdP,https://pisn3u3ony2.feishu.cn/base/P9rTbUTARaE1GasZp3rctaoungb?table=tblBWCSfMnN13524&view=vewiU8a1wj&record=recvq6YNcIDhdP,2026-09-08,4987,https://app.notion.com/p/3d5a4137d23681b2a076c02c8f5cc092
圆鳍鱼,Lumpfish,Cyclopterus Lumpus,Cyclopteridae,Cyclopterus,,3,稀有,2435.8,11942.52915,9.5,,T5,61,35,0.063,2.9405,benthopelagic,0,868,3,11,7,"[""肉食性""]",全天活跃,晴间多云、微风；以天气稳定为先,冷水,西大西洋,追猎,13,圆鳍鱼,同物种,"[""海水""]",oceanodromous,hunting macrofauna (predator),3.89,short and / or deep,seines,TL,待人工审核,新增鱼种整合：玩法提单-鱼第4行；来源学名与FishBase属种精确匹配；规则FISH-INVENTORY-MERGE-R1,recvq6YNcI9eWH,https://pisn3u3ony2.feishu.cn/base/P9rTbUTARaE1GasZp3rctaoungb?table=tblBWCSfMnN13524&view=vewiU8a1wj&record=recvq6YNcI9eWH,2026-09-08,4987,https://app.notion.com/p/3d5a4137d23681b397add7e1be766f57
太平洋蓝鳍金枪鱼,Pacific Bluefin Tuna,Thunnus Orientalis,Scombridae,Thunnus,,4,珍稀,9349.6,229201.6391,450,13.5,T11,300,200,0.0166,3,pelagic-oceanic,1,550,19.3,29.3,24.3,"[""肉食性""]",全天活跃,晴到多云、有微风；以稳定海况为先,,北太平洋,追猎,150,魣鳕,近似种类比,"[""半咸水"",""海水""]",oceanodromous,hunting macrofauna (predator),,fusiform / normal,various gears,FL,待人工审核,FishBase 中文俗名精确匹配,recvppgBfWNMNH,https://pisn3u3ony2.feishu.cn/base/P9rTbUTARaE1GasZp3rctaoungb?table=tblBWCSfMnN13524&view=vewiU8a1wj&record=recvppgBfWNMNH,2026-09-08,4987,https://app.notion.com/p/3d5a4137d23681b3a3fbdebe992d87db
红钩鱼,Redhook Myleus,Myloplus Rubripinnis,Serrasalmidae,Myloplus,,2,常见,1016.1,1245.4639,2.5,0.67,T3,41.5,,0.0253,3.01,benthopelagic,,,23,27,25,"[""植食性""]",全天活跃,晴间多云、微风；以天气稳定为先,暖水,南美洲,温和,30,红鳍鱼,近似种类比,"[""淡水""]",,other,2,short and / or deep,,TL,待人工审核,Redhook myleus 中文直译；FishBase 接受种核验,recvppgBfW3j5m,https://pisn3u3ony2.feishu.cn/base/P9rTbUTARaE1GasZp3rctaoungb?table=tblBWCSfMnN13524&view=vewiU8a1wj&record=recvppgBfW3j5m,2026-09-08,4987,https://app.notion.com/p/3d5a4137d23681b689bfd266dd981a77
蓝笛鲷,Green Jobfish,Aprion Virescens,Lutjanidae,Aprion,,4,珍稀,9349.6,68760.49174,15.4,4.05,T7,112,90,0.0157,2.99,reef-associated,0,180,21.9,33.9,27.9,"[""肉食性""]",晨昏活跃,多云、小雨或微风；避免强烈正午光照,暖水,印度—太平洋,追猎,150,十指金眼鲷,近似种类比,"[""海水""]",,hunting macrofauna (predator),4.28,fusiform / normal,various gears,TL,待人工审核,FishBase 中文俗名精确匹配,recvppgBfWzIq1,https://pisn3u3ony2.feishu.cn/base/P9rTbUTARaE1GasZp3rctaoungb?table=tblBWCSfMnN13524&view=vewiU8a1wj&record=recvppgBfWzIq1,2026-09-08,4987,https://app.notion.com/p/3d5a4137d23681bc861ccfcea64c67e1
红尾梭鱼,Red Tail Barracuda,Acestrorhynchus Falcatus,Acestrorhynchidae,Acestrorhynchus,,2,常见,968.5,151.0299759,0.255,0.08,T1,30,,0.004,3.28,benthopelagic,,,20,32,26,"[""肉食性""]",晨昏活跃,多云、小雨或微风；避免强烈正午光照,,南美洲,追猎,30,青蛙,近似种类比,"[""淡水""]",,,4.2,elongated,,TL,待人工审核,Redtail barracuda 英文通名与 FishBase 接受种核验,recvppgBfWxHaa,https://pisn3u3ony2.feishu.cn/base/P9rTbUTARaE1GasZp3rctaoungb?table=tblBWCSfMnN13524&view=vewiU8a1wj&record=recvppgBfWxHaa,2026-09-08,4987,https://app.notion.com/p/3d5a4137d23681bc9233f691fddba512
闪光鲟,Stellate Sturgeon,Acipenser Stellatus,Acipenseridae,Acipenser,,1,普通,347,14177.60631,80,15,T12,250,125,0.034,2.5843,demersal,10,100,10,20,15,"[""肉食性""]",晨昏活跃,多云、小雨或微风；避免强烈正午光照,温水,欧亚大陆,孤僻,30,闪光鲟,同物种,"[""淡水"",""半咸水"",""海水""]",anadromous,hunting macrofauna (predator),3.49,elongated,seines,TL,待人工审核,新增鱼种整合：玩法提单-鱼第28行；来源学名与FishBase属种精确匹配；规则FISH-INVENTORY-MERGE-R1,recvq6YNcIYa1y,https://pisn3u3ony2.feishu.cn/base/P9rTbUTARaE1GasZp3rctaoungb?table=tblBWCSfMnN13524&view=vewiU8a1wj&record=recvq6YNcIYa1y,2026-09-08,4987,https://app.notion.com/p/3d5a4137d23681c78cb2e308703d7b37
花鮨,Grouper,Anthias Anthias,Anthiadidae,Anthias,,4,珍稀,6557.7,2679.322447,0.8,0.2,T2,27,15,0.025,3.02,reef-associated,30,358,16,22,19,"[""肉食性""]",全天活跃,晴间多云、微风；以天气稳定为先,温水,"Eastern Atlantic: Mediterranean and Portugal to Angola, including the Azores.",追猎,150,欧白鲑,近似种类比,"[""海水""]",,,3.75,fusiform / normal,,SL,待人工审核,新增鱼种整合：玩法提单-鱼第12行；来源学名与FishBase属种精确匹配；规则FISH-INVENTORY-MERGE-R1,recvq6YNcIFUlE,https://pisn3u3ony2.feishu.cn/base/P9rTbUTARaE1GasZp3rctaoungb?table=tblBWCSfMnN13524&view=vewiU8a1wj&record=recvq6YNcIFUlE,2026-09-08,4987,https://app.notion.com/p/3d5a4137d23681c8a013d0449fa04bc2
花羔红点鲑,Dolly Varden Trout,Salvelinus Malma,Salmonidae,Salvelinus,,4,珍稀,9349.6,229201.6391,,13.5,T11,,,0.00589,3.04,,,,4,16,10,,全天活跃,,,,活泼,150,魣鳕,近似种类比,,,,,,,,待人工审核,,recvppgBfWqiDJ,https://pisn3u3ony2.feishu.cn/base/P9rTbUTARaE1GasZp3rctaoungb?table=tblBWCSfMnN13524&view=vewiU8a1wj&record=recvppgBfWqiDJ,2026-09-08,4987,https://app.notion.com/p/3d5a4137d23681cd9a46e3659f896a1a
细纹鲶鱼,Pencil Catfish,Trichomycterus striatus,Trichomycteridae,Trichomycterus,,2,常见,1051.8,21487.0408,,11.25,T10,,,0.00891,2.97,,,,22,28,25,,晨昏活跃,,,,孤僻,30,镜鲤(白化),近似种类比,,,,,,,,待人工审核,,recvppgBfWexpp,https://pisn3u3ony2.feishu.cn/base/P9rTbUTARaE1GasZp3rctaoungb?table=tblBWCSfMnN13524&view=vewiU8a1wj&record=recvppgBfWexpp,2026-09-08,4987,https://app.notion.com/p/3d5a4137d23681ce9f91f55f406074e9
高体鰤,Greater Amberjack,Seriola Dumerili,Carangidae,Seriola,,3,稀有,1302.3,53208.9242,80.6,22.5,T12,190,100,0.0225,2.847,reef-associated,1,385,21.1,33.1,27.1,"[""肉食性""]",全天活跃,晴到多云、有微风；以稳定海况为先,暖水,西大西洋,追猎,70,皱鳃鲨,近似种类比,"[""海水""]",oceanodromous,hunting macrofauna (predator),4.5,fusiform / normal,hooks and lines,TL,待人工审核,水产学术资料中文名与 FishBase 接受种核验,recvppgBfWJdYf,https://pisn3u3ony2.feishu.cn/base/P9rTbUTARaE1GasZp3rctaoungb?table=tblBWCSfMnN13524&view=vewiU8a1wj&record=recvppgBfWJdYf,2026-09-08,4987,https://app.notion.com/p/3d5a4137d23681d2905fc7b84e09d3fb
白化草鱼,Albino Grass Carp,Ctenopharyngodon Idella Var. Albino,Xenocyprididae,Ctenopharyngodon,,1,普通,187.9,4299.205897,45,7.5,T11,150,60,0.0108,3.006,,0,30,0,35,17.5,,早晨活跃,晴间多云、微风；以天气稳定为先,温水,亚洲,活泼,13.46,白化草鱼,同物种,,,,,,,,待人工审核,新增鱼种整合：玩法提单-鱼第32行；未取得FishBase唯一匹配，保留来源字段；规则FISH-INVENTORY-MERGE-R1,recvq6YNcIDFIR,https://pisn3u3ony2.feishu.cn/base/P9rTbUTARaE1GasZp3rctaoungb?table=tblBWCSfMnN13524&view=vewiU8a1wj&record=recvq6YNcIDFIR,2026-09-08,4987,https://app.notion.com/p/3d5a4137d23681d2acfdede816781b1a
单鳍多线鱼,Atka Mackerel,Pleurogrammus Monopterygius,Hexagrammidae,Pleurogrammus,,1,普通,529.4,519.1189132,2,0.53,T2,56.5,,0.0126,3.01,demersal,0,720,2.7,4.7,3.7,"[""肉食性""]",全天活跃,晴间多云、微风；以天气稳定为先,,东北太平洋,追猎,13,蓝鳃太阳鱼,近似种类比,"[""海水""]",,hunting macrofauna (predator),3.38,fusiform / normal,,TL,待人工审核,FishBase 中文俗名精确匹配,recvppgBfXdtR2,https://pisn3u3ony2.feishu.cn/base/P9rTbUTARaE1GasZp3rctaoungb?table=tblBWCSfMnN13524&view=vewiU8a1wj&record=recvppgBfXdtR2,2026-09-08,4987,https://app.notion.com/p/3d5a4137d23681d9b1cdee4c0368bf3c
赤梢鱼,Redfin Perch,Perca Fluviatilis,Percidae,Perca,,2,常见,839.3,5486.692785,4.75,0.2,T6,60,25,0.0115,3.15,demersal,1,30,10,22,16,"[""肉食性""]",晨昏活跃,多云、小雨或微风；避免强烈正午光照,温水,欧亚大陆,追猎,30,赤梢鱼,同物种,"[""淡水"",""半咸水""]",anadromous,hunting macrofauna (predator),4.35,fusiform / normal,seines,SL,待人工审核,新增鱼种整合：玩法提单-鱼第33行；来源学名与FishBase属种精确匹配；规则FISH-INVENTORY-MERGE-R1,recvq6YNcIRQxj,https://pisn3u3ony2.feishu.cn/base/P9rTbUTARaE1GasZp3rctaoungb?table=tblBWCSfMnN13524&view=vewiU8a1wj&record=recvq6YNcIRQxj,2026-09-08,4987,https://app.notion.com/p/3d5a4137d23681dba82cc5417cef5ccc
电鳗,Electric Eel,Electrophorus Electricus,Gymnotidae,Electrophorus,,2,常见,818.1,7353.642475,20,4.95,T7,250,,0.00171,3,benthopelagic,,,23,28,25.5,"[""肉食性""]",夜间活跃,阴天、小雨或低光照；以天气稳定为先,暖水,南美洲,孤僻,30,青鳕,近似种类比,"[""淡水""]",,hunting macrofauna (predator),3.89,elongated,,SL,待人工审核,FishBase 中文俗名精确匹配,recvppgBfWMdML,https://pisn3u3ony2.feishu.cn/base/P9rTbUTARaE1GasZp3rctaoungb?table=tblBWCSfMnN13524&view=vewiU8a1wj&record=recvppgBfWMdML,2026-09-08,4987,https://app.notion.com/p/3d5a4137d23681dcb5a9ddeff8d12ab9
无鳞鲤,Leather Carp,Cyprinus Carpio Var. Nudus,Cyprinidae,Cyprinus,,1,普通,160.3,3274.741054,40.09,2,T10,120,31,0.0173,2.993,benthopelagic,0,29,3,35,19,"[""肉食性""]",早晨活跃,晴间多云、微风；以天气稳定为先,广温,欧亚大陆,撕鳍,16.08,镜鲤,同物种,"[""淡水"",""半咸水""]",potamodromous,hunting macrofauna (predator),3.06,fusiform / normal,seines,TL,待人工审核,新增鱼种整合：玩法提单-鱼第35行；来源英文名与FishBase唯一精确匹配；规则FISH-INVENTORY-MERGE-R1,recvq6YNcITwbq,https://pisn3u3ony2.feishu.cn/base/P9rTbUTARaE1GasZp3rctaoungb?table=tblBWCSfMnN13524&view=vewiU8a1wj&record=recvq6YNcITwbq,2026-09-08,4987,https://app.notion.com/p/3d5a4137d23681deaf7ed0ba8c4aa7cf
圆点五色锦鲤,Goromo Koi,Cyprinus Carpio Var. Goromo,Cyprinidae,Cyprinus,,1,普通,192.7,3149.308053,10,2,T9,100,40,0.0173,2.993,,0,29,3,35,19,,早晨活跃,晴间多云、微风；以天气稳定为先,温水,欧亚大陆,活泼,16.08,普通鲤鱼,同物种,,,,,,,,待人工审核,新增鱼种整合：玩法提单-鱼第26行；未取得FishBase唯一匹配，保留来源字段；规则FISH-INVENTORY-MERGE-R1,recvq6YNcIY1d7,https://pisn3u3ony2.feishu.cn/base/P9rTbUTARaE1GasZp3rctaoungb?table=tblBWCSfMnN13524&view=vewiU8a1wj&record=recvq6YNcIY1d7,2026-09-08,4987,https://app.notion.com/p/3d5a4137d23681debbfeee6a8d43a679
奥里诺科孔雀鲈,Orinoco Peacock Bass,Cichla Orinocensis,Cichlidae,Cichla,,2,常见,1251.8,3580.192883,6.22,1.57,T4,61.7,,0.00628,3.2406,benthopelagic,,,27,29,28,"[""肉食性""]",全天活跃,晴间多云、微风；以天气稳定为先,暖水,南美洲,好斗,30,黑白鲑,近似种类比,"[""淡水""]",,hunting macrofauna (predator),4.48,fusiform / normal,,SL,待人工审核,Orinoco peacock bass 中文直译；按独立物种匹配,recvppgBfWhk4q,https://pisn3u3ony2.feishu.cn/base/P9rTbUTARaE1GasZp3rctaoungb?table=tblBWCSfMnN13524&view=vewiU8a1wj&record=recvppgBfWhk4q,2026-09-08,4987,https://app.notion.com/p/3d5a4137d23681e2a452e77529c4c25d
长鳍金枪鱼,Albacore,Thunnus Alalunga,Scombridae,Thunnus,,3,稀有,2688.1,76880.62382,60.32,15.75,T11,140,100,0.03119,2.88,pelagic-oceanic,0,600,9.5,25.2,17.35,"[""肉食性""]",全天活跃,晴到多云、有微风；以稳定海况为先,温水,全球热带、亚热带及温带适生海域,追猎,70,丁克斯无鳞鲤,近似种类比,"[""海水""]",oceanodromous,hunting macrofauna (predator),4.3,fusiform / normal,seines,FL,待人工审核,FishBase 中文俗名精确匹配,recvppgBfWLGuZ,https://pisn3u3ony2.feishu.cn/base/P9rTbUTARaE1GasZp3rctaoungb?table=tblBWCSfMnN13524&view=vewiU8a1wj&record=recvppgBfWLGuZ,2026-09-08,4987,https://app.notion.com/p/3d5a4137d23681e69d76f78f4af72b20
莱氏拟乌贼,Bigfin Reef Squid,Sepioteuthis Lessoniana,Loliginidae,Sepioteuthis,,4,珍稀,7000,6864.058165,1.8,0.53,T2,40.1,,,,demersal,,100,18,28,23,"[""肉食性""]",晨昏活跃,,,,追猎,150,黑背西鲱,近似种类比,"[""半咸水"",""海水""]",,hunting macrofauna (predator),3.98,,trawls,ML,待人工审核,SeaLifeBase 中文俗名精确匹配,recvppgBfWgFkW,https://pisn3u3ony2.feishu.cn/base/P9rTbUTARaE1GasZp3rctaoungb?table=tblBWCSfMnN13524&view=vewiU8a1wj&record=recvppgBfWgFkW,2026-09-08,4987,https://app.notion.com/p/3d5a4137d23681eb93eae65da91b5659
白斑角鲨,Spiny Dogfish,Squalus Acanthias,Squalidae,Squalus,,3,稀有,2045.2,11698.69066,9.1,,T6,160,100,0.00222,3.123,bathydemersal,0,1978,7,15,11,"[""肉食性""]",全天活跃,晴间多云、微风；以天气稳定为先,冷水,北大西洋,追猎,30,白斑角鲨,同物种,"[""半咸水"",""海水""]",oceanodromous,hunting macrofauna (predator),4.37,elongated,trawls,TL,待人工审核,新增鱼种整合：玩法提单-鱼第6行；来源学名与FishBase属种精确匹配；规则FISH-INVENTORY-MERGE-R1,recvq6YNcIPNI7,https://pisn3u3ony2.feishu.cn/base/P9rTbUTARaE1GasZp3rctaoungb?table=tblBWCSfMnN13524&view=vewiU8a1wj&record=recvq6YNcIPNI7,2026-09-08,4987,https://app.notion.com/p/3d5a4137d23681f1913bc2785e59b835
大西洋小鳕,Atlantic Tomcod,Microgadus Tomcod,Gadidae,Microgadus,,1,普通,527.1,30.68834536,,,T1,38.1,20,0.01056,3,demersal,0,69,4.4,8.4,6.4,"[""肉食性""]",全天活跃,晴间多云、微风；以天气稳定为先,冷水,Northwest Atlantic: southern Labrador in Canada to Virginia in USA.,追猎,13,乌克兰七鳃鳗,近似种类比,"[""淡水"",""半咸水"",""海水""]",anadromous,hunting macrofauna (predator),3.81,elongated,,TL,待人工审核,新增鱼种整合：玩法提单-鱼第9行；来源学名与FishBase属种精确匹配；规则FISH-INVENTORY-MERGE-R1,recvq6YNcINPp9,https://pisn3u3ony2.feishu.cn/base/P9rTbUTARaE1GasZp3rctaoungb?table=tblBWCSfMnN13524&view=vewiU8a1wj&record=recvq6YNcINPp9,2026-09-08,4987,https://app.notion.com/p/3d5a4137d23681f1ae06d5b55b7cf33e
康氏马鲛,Narrow Barred Spanish Mackerel,Scomberomorus Commerson,Scombridae,Scomberomorus,,4,珍稀,9349.6,229201.6391,70,13.5,T11,240,120,0.01617,2.85613,pelagic-neritic,10,70,22,34,28,"[""肉食性""]",全天活跃,晴到多云、有微风；以稳定海况为先,,东南大西洋与印度—西太平洋,追猎,150,魣鳕,近似种类比,"[""海水""]",oceanodromous,hunting macrofauna (predator),4.5,fusiform / normal,gillnets,FL,待人工审核,FishBase 中文俗名精确匹配,recvppgBfWX9xq,https://pisn3u3ony2.feishu.cn/base/P9rTbUTARaE1GasZp3rctaoungb?table=tblBWCSfMnN13524&view=vewiU8a1wj&record=recvppgBfWX9xq,2026-09-08,4987,https://app.notion.com/p/3d5a4137d23681f3b9a8c3031861df51
大西洋黄貂鱼,Atlantic Stingray,Hypanus Sabinus,Dasyatidae,Hypanus,,2,常见,841.6,2063.148151,4.87,1.35,T4,61,27,0.05,3.09,demersal,2,25,19.5,31.5,25.5,"[""肉食性""]",夜间活跃,阴天、小雨或低光照；以天气稳定为先,,西大西洋,追猎,30,短角大杜父鱼,近似种类比,"[""淡水"",""半咸水"",""海水""]",,hunting macrofauna (predator),3.45,other,seines,WD,待人工审核,Atlantic stingray 中文通名；FishBase 接受种核验,recvppgBfXlWfN,https://pisn3u3ony2.feishu.cn/base/P9rTbUTARaE1GasZp3rctaoungb?table=tblBWCSfMnN13524&view=vewiU8a1wj&record=recvppgBfXlWfN,2026-09-08,4987,https://app.notion.com/p/3d5a4137d23681f48c88fa29e895f087
条石鲷,Rock Bream,Oplegnathus Fasciatus,Oplegnathidae,Oplegnathus,,2,常见,1251.8,3580.192883,6.4,1.57,T4,80,,0.0266,3,reef-associated,1,10,17,27,22,"[""肉食性""]",全天活跃,晴间多云、微风；以天气稳定为先,,"西北太平洋: Japan, Korea, Taiwan.",追猎,30,黑白鲑,近似种类比,"[""海水""]",,hunting macrofauna (predator),3.55,short and / or deep,,TL,待人工审核,FishBase 中文俗名精确匹配,recvppgBfXVjAB,https://pisn3u3ony2.feishu.cn/base/P9rTbUTARaE1GasZp3rctaoungb?table=tblBWCSfMnN13524&view=vewiU8a1wj&record=recvppgBfXVjAB,2026-09-08,4987,https://app.notion.com/p/3d5a4137d23681f48e46d04ff4ab5116
橙黄金锦鲤,Ogon Koi,Cyprinus Carpio Var. Ogon,Cyprinidae,Cyprinus,,1,普通,192.7,3149.308053,10,2,T9,100,40,0.0173,2.993,,0,29,3,35,19,,早晨活跃,晴间多云、微风；以天气稳定为先,温水,欧亚大陆,活泼,16.08,普通鲤鱼,同物种,,,,,,,,待人工审核,新增鱼种整合：玩法提单-鱼第34行；未取得FishBase唯一匹配，保留来源字段；规则FISH-INVENTORY-MERGE-R1,recvq6YNcIwE4Z,https://pisn3u3ony2.feishu.cn/base/P9rTbUTARaE1GasZp3rctaoungb?table=tblBWCSfMnN13524&view=vewiU8a1wj&record=recvq6YNcIwE4Z,2026-09-08,4987,https://app.notion.com/p/3d5a4137d23681f6bda6e0523c4e49cd
红鲑鱼,Sockeye Salmon,Oncorhynchus Nerka,Salmonidae,Oncorhynchus,,3,稀有,2053.6,7551.475241,7.71,2.02,T5,84,45,0.01555,3,pelagic-oceanic,0,250,0,24.9,12.45,"[""滤食性""]",晨昏活跃,多云、小雨或微风；避免强烈正午光照,,北太平洋,追猎,150,红大麻哈鱼,同物种,"[""淡水"",""半咸水"",""海水""]",anadromous,selective plankton feeding,3.54,fusiform / normal,seines,TL,待人工审核,Sockeye salmon 中文通名；FishBase 接受种核验,recvppgBfWESvH,https://pisn3u3ony2.feishu.cn/base/P9rTbUTARaE1GasZp3rctaoungb?table=tblBWCSfMnN13524&view=vewiU8a1wj&record=recvppgBfWESvH,2026-09-08,4987,https://app.notion.com/p/3d5a4137d236810ab0aafde6086806a9
大西洋鲑鱼,Atlantic Salmon,Salmo Salar,Salmonidae,Salmo,可用,2,常见,644.3,15794.7523,46.764,13.5,T11,150,38,0.01072,2.99163,benthopelagic,0,210,2,9,5.5,"[""肉食性""]",晨昏活跃,多云、小雨或微风；避免强烈正午光照,冷水,北大西洋,追猎,150,大西洋鲑鱼,同物种,"[""淡水"",""半咸水"",""海水""]",anadromous,hunting macrofauna (predator),4.5,fusiform / normal,seines,TL,待人工审核,大西洋鲑名称变体；FishBase 接受种核验,recvppgBfWIkMz,https://pisn3u3ony2.feishu.cn/base/P9rTbUTARaE1GasZp3rctaoungb?table=tblBWCSfMnN13524&view=vewiU8a1wj&record=recvppgBfWIkMz,2026-09-08,4987,https://app.notion.com/p/3d5a4137d236810c98e0ca129e8f1bad
巨骨舌鱼,Arapaima Gigas,Arapaima Gigas,Arapaimidae,Arapaima,,2,常见,838.4,95914.16244,200,63,T13,450,200,0.0278,2.79,demersal,,,25,29,27,"[""肉食性""]",晨昏活跃,多云、小雨或微风；避免强烈正午光照,暖水,南美洲,追猎,30,鼠鲨,近似种类比,"[""淡水""]",,hunting macrofauna (predator),4.5,fusiform / normal,,TL,待人工审核,FishBase 中文俗名精确匹配,recvppgBfW1Luy,https://pisn3u3ony2.feishu.cn/base/P9rTbUTARaE1GasZp3rctaoungb?table=tblBWCSfMnN13524&view=vewiU8a1wj&record=recvppgBfW1Luy,2026-09-08,4987,https://app.notion.com/p/3d5a4137d2368111b611d9bde012433d
月眼鱼,Mooneye,Hiodon Tergisus,Hiodontidae,Hiodon,可用,2,常见,1004.4,532.6915689,0.907,0.29,T2,47,28.3,0.00437,3.27,pelagic,,,11,19,15,"[""肉食性""]",夜间活跃,阴天、小雨或低光照；以天气稳定为先,温水,北美洲,追猎,30,太阳鱼,近似种类比,"[""淡水""]",,hunting macrofauna (predator),3.72,fusiform / normal,,TL,待人工审核,Mooneye 中文通名；FishBase 接受种核验,recvppgBfWgb7F,https://pisn3u3ony2.feishu.cn/base/P9rTbUTARaE1GasZp3rctaoungb?table=tblBWCSfMnN13524&view=vewiU8a1wj&record=recvppgBfWgb7F,2026-09-08,4987,https://app.notion.com/p/3d5a4137d23681139a8aff3c0ea7d6f4
黑棘鲶,Ripsaw Catfish,Oxydoras niger,Doradidae,Oxydoras,,2,常见,1051.8,21487.0408,,11.25,T10,,,0.01622,2.99,,,,18,30,24,,晨昏活跃,,,,孤僻,30,镜鲤(白化),近似种类比,,,,,,,,待人工审核,,recvppgBfWU8bO,https://pisn3u3ony2.feishu.cn/base/P9rTbUTARaE1GasZp3rctaoungb?table=tblBWCSfMnN13524&view=vewiU8a1wj&record=recvppgBfWU8bO,2026-09-08,4987,https://app.notion.com/p/3d5a4137d23681198052d6b14ecb7f8b
黑食人鱼,Black Piranha,Serrasalmus Rhombeus,Serrasalmidae,Serrasalmus,,2,常见,789.8,1128.793575,3.83,0.78,T3,41.5,,0.016,3.248,benthopelagic,,,23,27,25,"[""肉食性""]",全天活跃,晴间多云、微风；以天气稳定为先,暖水,南美洲,追猎,30,金眼狼鲈,近似种类比,"[""淡水""]",,hunting macrofauna (predator),4.03,short and / or deep,,SL,待人工审核,Black piranha 常用通名；按独立物种匹配,recvppgBfWvmPa,https://pisn3u3ony2.feishu.cn/base/P9rTbUTARaE1GasZp3rctaoungb?table=tblBWCSfMnN13524&view=vewiU8a1wj&record=recvppgBfWvmPa,2026-09-08,4987,https://app.notion.com/p/3d5a4137d236811abe4dfcffb130cc33
浅滩鲈鱼,Shoal Bass,Micropterus Cataractae,Centrarchidae,Micropterus,,2,常见,1191.8,2921.649199,3.99,1.35,T4,61,,0.00156,3.612,benthopelagic,,,17,27,22,,晨昏活跃,多云、小雨或微风；避免强烈正午光照,温水,北美洲,躲藏,30,小口黑鲈,近似种类比,"[""淡水""]",,,,fusiform / normal,,TL,待人工审核,Shoal bass 中文直译；按独立物种匹配,recvppgBfWzydo,https://pisn3u3ony2.feishu.cn/base/P9rTbUTARaE1GasZp3rctaoungb?table=tblBWCSfMnN13524&view=vewiU8a1wj&record=recvppgBfWzydo,2026-09-08,4987,https://app.notion.com/p/3d5a4137d2368136a31efd06fed1a571
北极茴鱼,Arctic Grayling,Thymallus Arcticus,Salmonidae,Thymallus,,3,稀有,2565.3,4192.485702,3.83,0.9,T3,76,34.3,0.0187,2.9246,benthopelagic,30,,11,19,15,"[""肉食性""]",晨昏活跃,多云、小雨或微风；避免强烈正午光照,温水,北美洲,孤僻,150,北极茴鱼,同物种,"[""淡水""]",,hunting macrofauna (predator),3.26,fusiform / normal,seines,TL,待人工审核,FishBase 中文俗名精确匹配,recvppgBfWXHhq,https://pisn3u3ony2.feishu.cn/base/P9rTbUTARaE1GasZp3rctaoungb?table=tblBWCSfMnN13524&view=vewiU8a1wj&record=recvppgBfWXHhq,2026-09-08,4987,https://app.notion.com/p/3d5a4137d236813c836ed71d586eca33
大西洋大海鲢,Atlantic Tarpon,Megalops Atlanticus,Megalopidae,Megalops,,2,常见,1252.2,71626.73796,161,31.5,T12,250,130,0.00532,3,reef-associated,0,40,10,40,25,"[""肉食性""]",晨昏活跃,多云、小雨或微风；避免强烈正午光照,广温,大西洋,追猎,30,鳄雀鳝,近似种类比,"[""淡水"",""半咸水"",""海水""]",amphidromous,hunting macrofauna (predator),4.5,fusiform / normal,,TL,待人工审核,FishBase 中文俗名精确匹配,recvppgBfWRGAb,https://pisn3u3ony2.feishu.cn/base/P9rTbUTARaE1GasZp3rctaoungb?table=tblBWCSfMnN13524&view=vewiU8a1wj&record=recvppgBfWRGAb,2026-09-08,4987,https://app.notion.com/p/3d5a4137d236814189e0ff9cf319459a
帝王鲑,Chinook Salmon,Oncorhynchus Tshawytscha,Salmonidae,Oncorhynchus,,2,常见,748.2,24455.75802,61.4,18,T11,150,70,0.01333,3,benthopelagic,0,375,0,24.9,12.45,"[""肉食性""]",晨昏活跃,多云、小雨或微风；避免强烈正午光照,冷水,北极海域及西北—东北太平洋,追猎,150,大鳞麻哈鱼,同物种,"[""淡水"",""半咸水"",""海水""]",anadromous,hunting macrofauna (predator),4.4,fusiform / normal,,TL,待人工审核,Chinook/king salmon 中文通名；FishBase 接受种核验,recvppgBfWATct,https://pisn3u3ony2.feishu.cn/base/P9rTbUTARaE1GasZp3rctaoungb?table=tblBWCSfMnN13524&view=vewiU8a1wj&record=recvppgBfWATct,2026-09-08,4987,https://app.notion.com/p/3d5a4137d23681509e77c7ffa68a01ed
红腹食人鱼,Red-bellied Piranha,Pygocentrus Nattereri,Serrasalmidae,Pygocentrus,,2,常见,789.8,1128.793575,3.85,0.78,T3,50,,0.03546,3.125,pelagic,,,23,27,25,"[""肉食性""]",全天活跃,晴间多云、微风；以天气稳定为先,暖水,南美洲,追猎,30,金眼狼鲈,近似种类比,"[""淡水""]",,hunting macrofauna (predator),3.72,short and / or deep,,SL,待人工审核,Red-bellied piranha 中文通名；FishBase 接受种核验,recvppgBfWOU62,https://pisn3u3ony2.feishu.cn/base/P9rTbUTARaE1GasZp3rctaoungb?table=tblBWCSfMnN13524&view=vewiU8a1wj&record=recvppgBfWOU62,2026-09-08,4987,https://app.notion.com/p/3d5a4137d236815d8a59e9591456a227
接吻鲷,Kissing Prochilodus,Helostoma Temminckii,Helostomatidae,Helostoma,,2,常见,968.5,151.0299759,,0.08,T1,30,,0.04832,3,benthopelagic,2,,22,28,25,"[""杂食性""]",全天活跃,晴间多云、微风；以天气稳定为先,暖水,亚洲,躲藏,30,青蛙,近似种类比,"[""淡水""]",potamodromous,,2.82,short and / or deep,,TL,待人工审核,Kissing gourami 中文通名；FishBase 接受种核验,recvppgBfWSg8p,https://pisn3u3ony2.feishu.cn/base/P9rTbUTARaE1GasZp3rctaoungb?table=tblBWCSfMnN13524&view=vewiU8a1wj&record=recvppgBfWSg8p,2026-09-08,4987,https://app.notion.com/p/3d5a4137d2368162b04ff0f5cb510e95
北极红点鲑,Arctic Char,Salvelinus Alpinus,Salmonidae,Salvelinus,,1,普通,596,5357.255733,15,4.95,T7,107,40,0.00445,3.148,benthopelagic,0,70,4,16,10,"[""肉食性""]",晨昏活跃,多云、小雨或微风；避免强烈正午光照,冷水,欧洲与北美洲,追猎,150,北极红点鲑,同物种,"[""淡水"",""半咸水"",""海水""]",anadromous,hunting macrofauna (predator),4.39,fusiform / normal,,TL,待人工审核,去除资产备注后与 FishBase 中文俗名精确匹配,recvppgBfWSvl3,https://pisn3u3ony2.feishu.cn/base/P9rTbUTARaE1GasZp3rctaoungb?table=tblBWCSfMnN13524&view=vewiU8a1wj&record=recvppgBfWSvl3,2026-09-08,4987,https://app.notion.com/p/3d5a4137d236816a98fdcaaacc1d97ed
大理石倒立鱼,Marbled Headstander,Abramites Hypselonotus,Anostomidae,Abramites,,2,常见,1168.5,38.06234779,,0.01,T1,14,,0.01096,3.06,pelagic,,,23,27,25,"[""肉食性""]",晨昏活跃,多云、小雨或微风；避免强烈正午光照,暖水,南美洲,警惕,30,黑尾叉牙七鳃鳗,近似种类比,"[""淡水""]",,hunting macrofauna (predator),2.93,fusiform / normal,,TL,待人工审核,Marbled headstander 中文直译；FishBase 接受种核验,recvppgBfW1t3o,https://pisn3u3ony2.feishu.cn/base/P9rTbUTARaE1GasZp3rctaoungb?table=tblBWCSfMnN13524&view=vewiU8a1wj&record=recvppgBfW1t3o,2026-09-08,4987,https://app.notion.com/p/3d5a4137d236816da121dc912662f373
大马哈鱼,Chum Salmon,Oncorhynchus Keta,Salmonidae,Oncorhynchus,,1,普通,321.3,2100.410332,18.14,3.6,T6,100,58,0.023,3.2,benthopelagic,0,250,0,23.7,11.85,"[""肉食性""]",晨昏活跃,多云、小雨或微风；避免强烈正午光照,冷水,北太平洋,追猎,30,大麻哈鱼,同物种,"[""淡水"",""半咸水"",""海水""]",anadromous,hunting macrofauna (predator),3.74,fusiform / normal,seines,FL,待人工审核,大麻哈鱼名称变体；按独立物种匹配,recvppgBfWQu7g,https://pisn3u3ony2.feishu.cn/base/P9rTbUTARaE1GasZp3rctaoungb?table=tblBWCSfMnN13524&view=vewiU8a1wj&record=recvppgBfWQu7g,2026-09-08,4987,https://app.notion.com/p/3d5a4137d236817b99a4c457fc09bbf5
梅花鲈,Ruffe,Gymnocephalus Cernua,Percidae,Gymnocephalus,可用,4,珍稀,5226.4,597.3616332,0.4,0.06,T1,25,12,0.0118,3.05867,benthopelagic,2,85,10,20,15,"[""杂食性""]",晨昏活跃,多云、小雨或微风；避免强烈正午光照,温水,欧亚大陆,孤僻,30,梅花鲈,同物种,"[""淡水"",""半咸水""]",potamodromous,variable,3.26,fusiform / normal,,TL,待人工审核,FishBase 中文俗名精确匹配,recvppgBfWEHew,https://pisn3u3ony2.feishu.cn/base/P9rTbUTARaE1GasZp3rctaoungb?table=tblBWCSfMnN13524&view=vewiU8a1wj&record=recvppgBfWEHew,2026-09-08,4987,https://app.notion.com/p/3d5a4137d236817ca0b2f24d6f7c2198
眼斑河魟,Ocellate River Stingray,Potamotrygon Motoro,Potamotrygonidae,Potamotrygon,,2,常见,832.7,13608.86775,34.2,9,T9,50,,0.0113,3,benthopelagic,,,24,26,25,,夜间活跃,阴天、小雨或低光照；以天气稳定为先,暖水,南美洲,活泼,30,匈红鲤(鳞鲤),近似种类比,"[""淡水""]",potamodromous,,,other,,WD,待人工审核,眼斑/珍珠河魟中文名与农业种质资料核验,recvppgBfWkV00,https://pisn3u3ony2.feishu.cn/base/P9rTbUTARaE1GasZp3rctaoungb?table=tblBWCSfMnN13524&view=vewiU8a1wj&record=recvppgBfWkV00,2026-09-08,4987,https://app.notion.com/p/3d5a4137d23681989adeca93e8164eb1
粉鲑,Pink Salmon,Oncorhynchus Gorbuscha,Salmonidae,Oncorhynchus,,3,稀有,2613.1,6405.908308,6.99,1.35,T4,76,50.5,0.00336,3.3,demersal,0,250,2.3,4.3,3.3,"[""肉食性""]",晨昏活跃,多云、小雨或微风；避免强烈正午光照,冷水,"Arctic and Pacific drainages from Mackenzie River delta, Northwest Territories, Canada to Sacramento River drainage, in California, USA; occasionally as far as La Jolla, southern C",追猎,13,粉鲑,同物种,"[""淡水"",""半咸水"",""海水""]",anadromous,hunting macrofauna (predator),4.49,fusiform / normal,various gears,TL,待人工审核,Pink salmon 中文通名；按独立物种匹配,recvppgBfWSJ8t,https://pisn3u3ony2.feishu.cn/base/P9rTbUTARaE1GasZp3rctaoungb?table=tblBWCSfMnN13524&view=vewiU8a1wj&record=recvppgBfWSJ8t,2026-09-08,4987,https://app.notion.com/p/3d5a4137d236819a886fd48327d380f8
米达斯慈鲷,Midas Cichlid,Amphilophus Citrinellus,Cichlidae,Amphilophus,可用,2,常见,968.5,151.0299759,,0.08,T1,24.4,,0.0325,3,benthopelagic,,,23,33,28,"[""肉食性""]",全天活跃,晴间多云、微风；以天气稳定为先,暖水,中美洲,好斗,30,青蛙,近似种类比,"[""淡水""]",,,3.23,short and / or deep,,SL,待人工审核,Midas cichlid 中文音译；FishBase 接受种核验,recvppgBfWmpBb,https://pisn3u3ony2.feishu.cn/base/P9rTbUTARaE1GasZp3rctaoungb?table=tblBWCSfMnN13524&view=vewiU8a1wj&record=recvppgBfWmpBb,2026-09-08,4987,https://app.notion.com/p/3d5a4137d236819b9795c50518d19a0c
白鲶鱼,White Catfish,Ameiurus Catus,Ictaluridae,Ameiurus,可用,2,常见,792,3559.51891,9.75,2.47,T5,95,30.5,0.01202,3.01,demersal,,,17,27,22,"[""肉食性""]",夜间活跃,阴天、小雨或低光照；以天气稳定为先,温水,北美洲,孤僻,30,细鳞鲑,近似种类比,"[""淡水"",""半咸水""]",potamodromous,hunting macrofauna (predator),3.18,fusiform / normal,,TL,待人工审核,White catfish 中文通名；按独立物种而非括号原型匹配,recvppgBfWE1If,https://pisn3u3ony2.feishu.cn/base/P9rTbUTARaE1GasZp3rctaoungb?table=tblBWCSfMnN13524&view=vewiU8a1wj&record=recvppgBfWE1If,2026-09-08,4987,https://app.notion.com/p/3d5a4137d23681a2a974d431e70e1576
银龙鱼,Silver Arowana,Osteoglossum Bicirrhosum,Osteoglossidae,Osteoglossum,,2,常见,1251.8,3580.192883,6,1.57,T4,90,,0.0028,3.18,benthopelagic,,,24,30,27,"[""肉食性""]",晨昏活跃,多云、小雨或微风；避免强烈正午光照,暖水,南美洲,孤僻,30,黑白鲑,近似种类比,"[""淡水""]",,hunting macrofauna (predator),3.39,elongated,,TL,待人工审核,Silver arowana 中文通名；FishBase 接受种核验,recvppgBfWiZzA,https://pisn3u3ony2.feishu.cn/base/P9rTbUTARaE1GasZp3rctaoungb?table=tblBWCSfMnN13524&view=vewiU8a1wj&record=recvppgBfWiZzA,2026-09-08,4987,https://app.notion.com/p/3d5a4137d23681a2a976d36c205caf18
湖白鲑,Lake Whitefish,Coregonus Artedi,Salmonidae,Coregonus,,4,珍稀,2804,4582.594593,3.35,0.9,T3,57,29.3,0.00587,3.073,pelagic-neritic,0,64,0,26,13,"[""滤食性""]",晨昏活跃,多云、小雨或微风；避免强烈正午光照,温水,北美洲,温和,150,西西伯利亚茴鱼,近似种类比,"[""淡水"",""半咸水"",""海水""]",anadromous,selective plankton feeding,3.35,elongated,seines,TL,待人工审核,FishBase 中文俗名精确匹配,recvppgBfWoPCY,https://pisn3u3ony2.feishu.cn/base/P9rTbUTARaE1GasZp3rctaoungb?table=tblBWCSfMnN13524&view=vewiU8a1wj&record=recvppgBfWoPCY,2026-09-08,4987,https://app.notion.com/p/3d5a4137d23681a384b6e3295baa11a6
阿帕奇鳟鱼,Apache Trout,Oncorhynchus Apache,Salmonidae,Oncorhynchus,,4,珍稀,12250,15015.18824,2.36,0.67,T3,58,25,0.0121,3,demersal,,,11,19,15,,晨昏活跃,多云、小雨或微风；避免强烈正午光照,温水,北美洲,躲藏,150,瓦拉姆白鲑,近似种类比,"[""淡水""]",non-migratory,,,fusiform / normal,,TL,待人工审核,Apache trout 中文音译；按独立物种匹配,recvppgBfWsVts,https://pisn3u3ony2.feishu.cn/base/P9rTbUTARaE1GasZp3rctaoungb?table=tblBWCSfMnN13524&view=vewiU8a1wj&record=recvppgBfWsVts,2026-09-08,4987,https://app.notion.com/p/3d5a4137d23681b2a476dc37b6670ae5
公牛鲨,Bull Shark,Carcharhinus Leucas,Carcharhinidae,Carcharhinus,,2,常见,838.4,95914.16244,316.5,63,T13,360,260,0.0175,2.84,reef-associated,1,164,21.5,33.5,27.5,"[""肉食性""]",夜间活跃,阴天、小雨或低光照；以天气稳定为先,暖水,全球热带、亚热带及温带适生海域,追猎,30,鼠鲨,近似种类比,"[""淡水"",""半咸水"",""海水""]",amphidromous,hunting macrofauna (predator),4.31,fusiform / normal,various gears,TL,待人工审核,Bull shark 中文通名；FishBase 接受种核验,recvppgBfWecOd,https://pisn3u3ony2.feishu.cn/base/P9rTbUTARaE1GasZp3rctaoungb?table=tblBWCSfMnN13524&view=vewiU8a1wj&record=recvppgBfWecOd,2026-09-08,4987,https://app.notion.com/p/3d5a4137d23681b2b94cf9316f0cceb7
黑斑须雅罗鱼,Common Creek Chub,Semotilus Atromaculatus,Leuciscidae,Semotilus,,2,常见,968.5,151.0299759,,0.08,T1,30.3,19.1,0.0127,2.94,demersal,,,0,30.3,15.15,"[""肉食性""]",早晨活跃,晴间多云、微风；以天气稳定为先,温水,北美洲,撕鳍,30,青蛙,近似种类比,"[""淡水""]",,hunting macrofauna (predator),4.02,elongated,,TL,待人工审核,FishBase 中文俗名精确匹配,recvppgBfWQk9D,https://pisn3u3ony2.feishu.cn/base/P9rTbUTARaE1GasZp3rctaoungb?table=tblBWCSfMnN13524&view=vewiU8a1wj&record=recvppgBfWQk9D,2026-09-08,4987,https://app.notion.com/p/3d5a4137d23681bf9cdbf25868032a22
阿拉斯加黑鱼,Alaska Blackfish,Dallia Pectoralis,Umbridae,Dallia,,2,常见,968.5,151.0299759,0.366,0.08,T1,33,10.8,0.00971,2.971,demersal,,,4,14,9,"[""杂食性""]",晨昏活跃,多云、小雨或微风；避免强烈正午光照,冷水,北美洲,孤僻,30,青蛙,近似种类比,"[""淡水""]",,variable,3.31,fusiform / normal,traps,TL,待人工审核,FishBase 中文俗名精确匹配,recvppgBfWVP7p,https://pisn3u3ony2.feishu.cn/base/P9rTbUTARaE1GasZp3rctaoungb?table=tblBWCSfMnN13524&view=vewiU8a1wj&record=recvppgBfWVP7p,2026-09-08,4987,https://app.notion.com/p/3d5a4137d23681c8beecd7bac47c7ba4
银鲑,Coho Salmon,Oncorhynchus Kisutch,Salmonidae,Oncorhynchus,,3,稀有,1314,5905.565464,15.17,2.47,T5,107.9,71,0.0112,3,pelagic-neritic,0,250,0,24.8,12.4,"[""肉食性""]",晨昏活跃,多云、小雨或微风；避免强烈正午光照,,北太平洋,追猎,30,银鳟鱼,同物种,"[""淡水"",""半咸水"",""海水""]",anadromous,hunting macrofauna (predator),4.18,fusiform / normal,,TL,待人工审核,Coho salmon 中文通名；按独立物种匹配,recvppgBfWVYbc,https://pisn3u3ony2.feishu.cn/base/P9rTbUTARaE1GasZp3rctaoungb?table=tblBWCSfMnN13524&view=vewiU8a1wj&record=recvppgBfWVYbc,2026-09-08,4987,https://app.notion.com/p/3d5a4137d23681cda0e4dcede6aba1a6
江鳕,Burbot,Lota Lota,Lotidae,Lota,,1,普通,370,2721.119828,34,4.05,T7,152,40,0.01,2.882,demersal,1,700,4,18,11,"[""肉食性""]",夜间活跃,阴天、小雨或低光照；以天气稳定为先,冷水,北半球环北极地区,追猎,150,江鳕,同物种,"[""淡水"",""半咸水""]",potamodromous,hunting macrofauna (predator),3.84,elongated,seines,TL,待人工审核,FishBase 中文俗名精确匹配,recvppgBfWUwLo,https://pisn3u3ony2.feishu.cn/base/P9rTbUTARaE1GasZp3rctaoungb?table=tblBWCSfMnN13524&view=vewiU8a1wj&record=recvppgBfWUwLo,2026-09-08,4987,https://app.notion.com/p/3d5a4137d23681da934ec10ce9ead3a7
吉拉鳟鱼,Gila Trout,Oncorhynchus Gilae,Salmonidae,Oncorhynchus,,4,珍稀,6243.7,1280.531355,,0.11,T1,32,13,0.00867,3.093,demersal,,,11,19,15,,晨昏活跃,多云、小雨或微风；避免强烈正午光照,温水,北美洲,躲藏,150,雅罗鱼,近似种类比,"[""淡水""]",non-migratory,,,fusiform / normal,,TL,待人工审核,Gila trout 中文音译；FishBase 接受种核验,recvppgBfWSSXi,https://pisn3u3ony2.feishu.cn/base/P9rTbUTARaE1GasZp3rctaoungb?table=tblBWCSfMnN13524&view=vewiU8a1wj&record=recvppgBfWSSXi,2026-09-08,4987,https://app.notion.com/p/3d5a4137d23681da9392d5793ffbff3f
巴亚拉鱼,Payara,Hydrolycus Scomberoides,Cynodontidae,Hydrolycus,,2,常见,1102.9,9012.381556,17.8,4.5,T7,117,,0.02072,3,benthopelagic,,,24,28,26,"[""肉食性""]",晨昏活跃,多云、小雨或微风；避免强烈正午光照,暖水,南美洲,追猎,30,虹鳟,近似种类比,"[""淡水""]",,hunting macrofauna (predator),4.5,elongated,,TL,待人工审核,FishBase 英文首选通名 Payara 对应物种,recvppgBfWdgXq,https://pisn3u3ony2.feishu.cn/base/P9rTbUTARaE1GasZp3rctaoungb?table=tblBWCSfMnN13524&view=vewiU8a1wj&record=recvppgBfWdgXq,2026-09-08,4987,https://app.notion.com/p/3d5a4137d23681eeabc0d98055fab890
红鳍狗鱼,Redfin Pickerel,Esox Americanus,Esocidae,Esox,可用,2,常见,1004.4,532.6915689,1.02,0.29,T2,39.4,,0.0043,3.11,demersal,,,16,26,21,"[""肉食性""]",晨昏活跃,多云、小雨或微风；避免强烈正午光照,温水,北美洲,追猎,30,太阳鱼,近似种类比,"[""淡水"",""半咸水""]",non-migratory,hunting macrofauna (predator),3.65,elongated,,FL,待人工审核,Esox americanus 的红鳍亚种，按 FishBase 种级记录归并,recvppgBfWmYyM,https://pisn3u3ony2.feishu.cn/base/P9rTbUTARaE1GasZp3rctaoungb?table=tblBWCSfMnN13524&view=vewiU8a1wj&record=recvppgBfWmYyM,2026-09-08,4987,https://app.notion.com/p/3d5a4137d2368108a568d7c2c9d1f6c6
蓝鲶鱼,Blue Catfish,Ictalurus Furcatus,Ictaluridae,Ictalurus,可用,2,常见,748.2,24455.75802,68,18,T11,165,,0.00199,3.41,demersal,,50,17,27,22,"[""肉食性""]",夜间活跃,阴天、小雨或低光照；以天气稳定为先,温水,北美洲,孤僻,30,大鳞麻哈鱼,近似种类比,"[""淡水"",""半咸水""]",,,3.41,fusiform / normal,,TL,待人工审核,Blue catfish 中文通名；按独立物种而非括号原型匹配,recvppgBfWuSdg,https://pisn3u3ony2.feishu.cn/base/P9rTbUTARaE1GasZp3rctaoungb?table=tblBWCSfMnN13524&view=vewiU8a1wj&record=recvppgBfWuSdg,2026-09-08,4987,https://app.notion.com/p/3d5a4137d23681238c44e67e66c4d4fc
白化高首鲟,White Sturgeon 02,Acipenser Transmontanus,Acipenseridae,Acipenser,可用,2,常见,672,329476.1305,816,270.02,T16,610,21,0.0122,3,demersal,1,122,0,23.3,11.65,"[""肉食性""]",晨昏活跃,多云、小雨或微风；避免强烈正午光照,,东太平洋,孤僻,30,小头睡鲨,近似种类比,"[""淡水"",""半咸水"",""海水""]",anadromous,hunting macrofauna (predator),3.25,elongated,,TL,待人工审核,高首鲟白化色型，按括号/基型物种归并,recvppgBfWvsQS,https://pisn3u3ony2.feishu.cn/base/P9rTbUTARaE1GasZp3rctaoungb?table=tblBWCSfMnN13524&view=vewiU8a1wj&record=recvppgBfWvsQS,2026-09-08,4987,https://app.notion.com/p/3d5a4137d236812aa8a6cdce9ba9f1e2
白化叉尾鮰,White Channel Catfish,Ictalurus Punctatus,Ictaluridae,Ictalurus,可用,3,稀有,1553.6,17773.40682,26.3,6.3,T8,132,57,0.00539,3.133,demersal,,15,10,31.6,20.8,"[""杂食性""]",夜间活跃,阴天、小雨或低光照；以天气稳定为先,广温,北美洲,孤僻,21.33,斑点叉尾鮰,同物种,"[""淡水""]",,variable,4.16,fusiform / normal,seines,TL,待人工审核,斑点叉尾鮰白化色型，按括号标注的原型物种归并,recvppgBfWCJhn,https://pisn3u3ony2.feishu.cn/base/P9rTbUTARaE1GasZp3rctaoungb?table=tblBWCSfMnN13524&view=vewiU8a1wj&record=recvppgBfWCJhn,2026-09-08,4987,https://app.notion.com/p/3d5a4137d236812e9cfac8c78f03705f
尖吻鲟,Atlantic Sturgeon,Acipenser Oxyrinchus,Acipenseridae,Acipenser,可用,2,常见,838.4,95914.16244,,63,T13,403,,0.00062,3.45,demersal,1,46,4.3,24.4,14.35,"[""肉食性""]",晨昏活跃,多云、小雨或微风；避免强烈正午光照,温水,西大西洋,孤僻,30,鼠鲨,近似种类比,"[""淡水"",""半咸水"",""海水""]",anadromous,hunting macrofauna (predator),3.38,elongated,,TL,待人工审核,FAO/Codex 中文名与 FishBase 接受种核验,recvppgBfWFxyU,https://pisn3u3ony2.feishu.cn/base/P9rTbUTARaE1GasZp3rctaoungb?table=tblBWCSfMnN13524&view=vewiU8a1wj&record=recvppgBfWFxyU,2026-09-08,4987,https://app.notion.com/p/3d5a4137d236813b9a13dc7de10071c2
云斑鮰,Brown Bullhead,Ameiurus Nebulosus,Ictaluridae,Ameiurus,可用,2,常见,1103.2,1442.382073,2.74,0.72,T3,55,25,0.0099,3.073,demersal,10,12,0,37.4,18.7,"[""肉食性""]",夜间活跃,阴天、小雨或低光照；以天气稳定为先,温水,北美洲,躲藏,30,黑斑刺盖太阳鱼,近似种类比,"[""淡水""]",,hunting macrofauna (predator),3.68,fusiform / normal,,TL,待人工审核,去除资产备注后与 FishBase 中文俗名精确匹配,recvppgBfWq7m4,https://pisn3u3ony2.feishu.cn/base/P9rTbUTARaE1GasZp3rctaoungb?table=tblBWCSfMnN13524&view=vewiU8a1wj&record=recvppgBfWq7m4,2026-09-08,4987,https://app.notion.com/p/3d5a4137d23681409ceac64872fc7cad
鲻鱼,Flathead Grey Mullet,Mugil Cephalus,Mugilidae,Mugil,,4,珍稀,3797.4,21721.40031,,3.15,T6,100,50,0.0233,2.979,benthopelagic,0,120,8,24,16,"[""杂食性""]",早晨活跃,晴间多云、微风；以天气稳定为先,温水,全球热带、亚热带及温带适生海域,活泼,150,玻璃梭鲈,近似种类比,"[""淡水"",""半咸水"",""海水""]",catadromous,variable,2.48,fusiform / normal,seines,SL,待人工审核,中文规范名异体：鲻；FishBase 接受种核验,recvppgBfWQhq4,https://pisn3u3ony2.feishu.cn/base/P9rTbUTARaE1GasZp3rctaoungb?table=tblBWCSfMnN13524&view=vewiU8a1wj&record=recvppgBfWQhq4,2026-09-08,4987,https://app.notion.com/p/3d5a4137d2368158aac9dfda39650750
白斑狗鱼,Northern Pike,Esox Lucius,Esocidae,Esox,可用,1,普通,559.4,5485.38534,28.35,5.4,T7,137,40,0.0022,3.39,pelagic,0,30,10,28,19,"[""肉食性""]",晨昏活跃,多云、小雨或微风；避免强烈正午光照,广温,北半球环极地区,追猎,30,常见狗鱼,同物种,"[""淡水"",""半咸水""]",potamodromous,hunting macrofauna (predator),4.07,elongated,seines,FL,待人工审核,FishBase 中文俗名精确匹配,recvppgBfW3JSO,https://pisn3u3ony2.feishu.cn/base/P9rTbUTARaE1GasZp3rctaoungb?table=tblBWCSfMnN13524&view=vewiU8a1wj&record=recvppgBfW3JSO,2026-09-08,4987,https://app.notion.com/p/3d5a4137d236816c94a4d68b8895b110
鳄雀鳝,Alligator Gar,Atractosteus Spatula,Lepisosteidae,Atractosteus,可用,2,常见,1252.2,71626.73796,137,31.5,T12,305,200,0.00963,3,demersal,0,,17,27,22,"[""肉食性""]",晨昏活跃,多云、小雨或微风；避免强烈正午光照,温水,北美洲,孤僻,30,鳄雀鳝,同物种,"[""淡水"",""半咸水""]",,hunting macrofauna (predator),4.02,elongated,gillnets,OT,待人工审核,FishBase 中文俗名精确匹配,recvppgBfW0Zk4,https://pisn3u3ony2.feishu.cn/base/P9rTbUTARaE1GasZp3rctaoungb?table=tblBWCSfMnN13524&view=vewiU8a1wj&record=recvppgBfW0Zk4,2026-09-08,4987,https://app.notion.com/p/3d5a4137d2368187a17be42dd814364d
硬头鳟,Steelhead Trout,Oncorhynchus Mykiss,Salmonidae,Oncorhynchus,可用,2,常见,1102.9,9012.381556,25.85,4.5,T7,122,60,0.0209,2.843,benthopelagic,0,200,10,24,17,"[""肉食性""]",晨昏活跃,多云、小雨或微风；避免强烈正午光照,温水,北美洲太平洋沿岸水系,追猎,13,虹鳟,同物种,"[""淡水"",""半咸水"",""海水""]",anadromous,hunting macrofauna (predator),4.08,fusiform / normal,hooks and lines,TL,待人工审核,FishBase 中文俗名精确匹配,recvppgBfWaSu9,https://pisn3u3ony2.feishu.cn/base/P9rTbUTARaE1GasZp3rctaoungb?table=tblBWCSfMnN13524&view=vewiU8a1wj&record=recvppgBfWaSu9,2026-09-08,4987,https://app.notion.com/p/3d5a4137d236818f9fc5f52e9c4f14ac
黑鮰,Black Bullhead Catfish,Ameiurus Melas,Ictaluridae,Ameiurus,可用,2,常见,789.8,1128.793575,3.62,0.78,T3,66,26.6,0.00912,3.14,demersal,10,,8,30,19,"[""肉食性""]",夜间活跃,阴天、小雨或低光照；以天气稳定为先,广温,北美洲,孤僻,30,金眼狼鲈,近似种类比,"[""淡水""]",amphidromous,hunting macrofauna (predator),3.81,fusiform / normal,,TL,待人工审核,去除资产备注后与 FishBase 中文俗名精确匹配,recvppgBfWh7Ja,https://pisn3u3ony2.feishu.cn/base/P9rTbUTARaE1GasZp3rctaoungb?table=tblBWCSfMnN13524&view=vewiU8a1wj&record=recvppgBfWh7Ja,2026-09-08,4987,https://app.notion.com/p/3d5a4137d236819282a5f9b6c24ec34b
金体美鱥,Golden Shiner,Notemigonus Crysoleucas,Leuciscidae,Notemigonus,可用,2,常见,968.5,151.0299759,,0.08,T1,32,14.4,0.0054,3.216,demersal,10,,0,34.7,17.35,"[""杂食性""]",早晨活跃,晴间多云、微风；以天气稳定为先,温水,北美洲,躲藏,30,青蛙,近似种类比,"[""淡水"",""半咸水""]",,variable,2.65,fusiform / normal,,TL,待人工审核,FAO AGROVOC 中文名与 FishBase 接受种核验,recvppgBfWqD6E,https://pisn3u3ony2.feishu.cn/base/P9rTbUTARaE1GasZp3rctaoungb?table=tblBWCSfMnN13524&view=vewiU8a1wj&record=recvppgBfWqD6E,2026-09-08,4987,https://app.notion.com/p/3d5a4137d236819495e3c237c202a1b8
美国红鱼,Red Drum,Sciaenops Ocellatus,Sciaenidae,Sciaenops,可用,3,稀有,2238.2,45723.80179,45,11.25,T10,155,100,0.01001,3.028,demersal,10,,15,26,20.5,"[""肉食性""]",晨昏活跃,多云、小雨或微风；避免强烈正午光照,温水,西大西洋,追猎,70,绿鲤,近似种类比,"[""半咸水"",""海水""]",oceanodromous,hunting macrofauna (predator),3.74,fusiform / normal,seines,TL,待人工审核,Red drum/redfish 通名与 FishBase 接受种核验,recvppgBfWqQzs,https://pisn3u3ony2.feishu.cn/base/P9rTbUTARaE1GasZp3rctaoungb?table=tblBWCSfMnN13524&view=vewiU8a1wj&record=recvppgBfWqQzs,2026-09-08,4987,https://app.notion.com/p/3d5a4137d23681a288c7f9ef877de373
褐鳟,Brown Trout,Salmo Trutta,Salmonidae,Salmo,可用,4,珍稀,9349.6,229201.6391,50,13.5,T11,140,72,0.0041,2.95,pelagic-neritic,0,28,18,24,21,"[""肉食性""]",晨昏活跃,多云、小雨或微风；避免强烈正午光照,温水,欧亚大陆,追猎,150,魣鳕,近似种类比,"[""淡水"",""半咸水"",""海水""]",anadromous,hunting macrofauna (predator),3.36,fusiform / normal,seines,SL,待人工审核,Brown trout 中文通名；FishBase 接受种核验,recvppgBfWi1DY,https://pisn3u3ony2.feishu.cn/base/P9rTbUTARaE1GasZp3rctaoungb?table=tblBWCSfMnN13524&view=vewiU8a1wj&record=recvppgBfWi1DY,2026-09-08,4987,https://app.notion.com/p/3d5a4137d23681a2aa75dc74b80bf1fb
铲鮰,Flathead Catfish,Pylodictis Olivaris,Ictaluridae,Pylodictis,可用,1,普通,218.2,5349.084202,55.79,13.5,T11,155,,0.0138,2.89,demersal,,,21.5,33.5,27.5,"[""肉食性""]",夜间活跃,阴天、小雨或低光照；以天气稳定为先,温水,北美洲,孤僻,30,铲鮰,同物种,"[""淡水""]",,hunting macrofauna (predator),3.78,elongated,,TL,待人工审核,FishBase 中文俗名精确匹配,recvppgBfW4irh,https://pisn3u3ony2.feishu.cn/base/P9rTbUTARaE1GasZp3rctaoungb?table=tblBWCSfMnN13524&view=vewiU8a1wj&record=recvppgBfW4irh,2026-09-08,4987,https://app.notion.com/p/3d5a4137d23681ac9aebd43bce83177c
高首鲟,White Sturgeon 01,Acipenser Transmontanus,Acipenseridae,Acipenser,可用,2,常见,672,329476.1305,816,270.02,T16,610,21,0.0122,3,demersal,1,122,0,23.3,11.65,"[""肉食性""]",晨昏活跃,多云、小雨或微风；避免强烈正午光照,,东太平洋,孤僻,30,小头睡鲨,近似种类比,"[""淡水"",""半咸水"",""海水""]",anadromous,hunting macrofauna (predator),3.25,elongated,,TL,待人工审核,FishBase 中文俗名精确匹配,recvppgBfW7BfW,https://pisn3u3ony2.feishu.cn/base/P9rTbUTARaE1GasZp3rctaoungb?table=tblBWCSfMnN13524&view=vewiU8a1wj&record=recvppgBfW7BfW,2026-09-08,4987,https://app.notion.com/p/3d5a4137d23681bfa307f877675d8570
眼点丽鱼,Cichla Ocellaris,Cichla Ocellaris,Cichlidae,Cichla,可用,3,稀有,2003.2,6547.684371,6.8,1.8,T4,74,,0.008,3.18,benthopelagic,5,,24,27,25.5,"[""肉食性""]",全天活跃,晴间多云、微风；以天气稳定为先,暖水,南美洲,追猎,30,眼点丽鱼,同物种,"[""淡水"",""半咸水""]",,hunting macrofauna (predator),4.5,fusiform / normal,,TL,待人工审核,FishBase 中文俗名精确匹配,recvppgBfWmvOm,https://pisn3u3ony2.feishu.cn/base/P9rTbUTARaE1GasZp3rctaoungb?table=tblBWCSfMnN13524&view=vewiU8a1wj&record=recvppgBfWmvOm,2026-09-08,4987,https://app.notion.com/p/3d5a4137d23681e78758f9f458547958
大西洋鲭,Atlantic Mackerel,Scomber Scombrus,Scombridae,Scomber,,3,稀有,1801.5,2944.202625,3.4,0.9,T3,60,30,0.00314,3.31,pelagic-neritic,0,1000,7.2,13.2,10.2,"[""杂食性""]",全天活跃,晴到多云、有微风；以稳定海况为先,,北大西洋,追猎,30,大西洋鲭,同物种,"[""半咸水"",""海水""]",oceanodromous,variable,3.63,fusiform / normal,seines,FL,待人工审核,大西洋鲭鱼英文通名与 FishBase 接受种核验,recvppgBfWOPsA,https://pisn3u3ony2.feishu.cn/base/P9rTbUTARaE1GasZp3rctaoungb?table=tblBWCSfMnN13524&view=vewiU8a1wj&record=recvppgBfWOPsA,2026-09-08,4987,https://app.notion.com/p/3d5a4137d23681f2babfd34c771a833d
大口牛胭脂鱼,Bigmouth Buffalo,Ictiobus Cyprinellus,Catostomidae,Ictiobus,可用,2,常见,832.7,13608.86775,31.89,9,T9,123,35.5,0.0162,3,benthopelagic,4,,15.5,30,22.75,"[""肉食性""]",早晨活跃,晴间多云、微风；以天气稳定为先,温水,北美洲,孤僻,30,匈红鲤(鳞鲤),近似种类比,"[""淡水""]",,,3.11,fusiform / normal,,TL,待人工审核,FishBase 中文俗名精确匹配,recvppgBfWSpJ8,https://pisn3u3ony2.feishu.cn/base/P9rTbUTARaE1GasZp3rctaoungb?table=tblBWCSfMnN13524&view=vewiU8a1wj&record=recvppgBfWSpJ8,2026-09-08,4987,https://app.notion.com/p/3d5a4137d23681f48ba3e0abd29e2d18
短吻鲟,Shortnose Sturgeon,Acipenser Brevirostrum,Acipenseridae,Acipenser,可用,2,常见,911.5,10427.69073,23,6.3,T8,143,50,0.00821,3,demersal,6,53,11.6,19.6,15.6,"[""肉食性""]",晨昏活跃,多云、小雨或微风；避免强烈正午光照,温水,北美洲,孤僻,30,大菱鲆,近似种类比,"[""淡水"",""半咸水"",""海水""]",anadromous,,3.25,elongated,,TL,待人工审核,FishBase 中文俗名精确匹配,recvppgBfWp1dp,https://pisn3u3ony2.feishu.cn/base/P9rTbUTARaE1GasZp3rctaoungb?table=tblBWCSfMnN13524&view=vewiU8a1wj&record=recvppgBfWp1dp,2026-09-08,4987,https://app.notion.com/p/3d5a4137d23681f7ac93d85acf772f8c
